Title (OPTIONAL),English Content,Gujurati Content,Manan Content,Audio URL
EXAMPLE: Mukhpath Item #1,This is the prasang item written in english.,"આપ રીઝો એમ રાજી, હું તો આપ રીઝો એમ રાજી.",This is the mukhpath item content transliterated (lipi).,www.box.com/audioURLHere
1. <b>71 Dandvats!</b> - <i>Unwavering Bhakti</i>,"August 25, 2016 (Janmashtami) | Bochasan

Swamishri had observed a waterless fast and had a day full of travelling ahead of him. Yet, Swamishri did not falter in his bhakti. Starting his day off in Bochasan, he offered fifteen dandavats during mangala arti, five thereafter in the abhishek mandap, five during shangar aarti, five at Purushottam Swami’s memorial shrine, and six during puja. 
He then travelled to Chansad, where he offered ten dandavats at Pramukh Swami Maharaj’s birthplace and five more at the village mandir. He then came to Atladara, where he offered five dandavats at the mandir, five in the abhishek mandap, five in Shastriji Maharaj’s room, and five in Yogiji Maharaj’s room. 
In this way, at the age of 83, he performed 71 dandavats on the day of a waterless fast! As if this were not enough, after the Janmashtami celebration assembly, he turned towards the mandir for darshan. Due to rains, puddles of water covered the dark pathway. Yet still, with the aid of his attendant, Swamishri made his way to the mandir. ","૨૫ ઓગસ્ટ ૨૦૧૬ (જન્માષ્ટમી) |  બોચાસણ
મહંત સ્વામી મહારાજે  નિર્જળા ઉપવાસ કર્યો હતો અને આખો દિવસ મુસાફરી કરી હતી. છતાં સ્વામીશ્રીની ભક્તિ મોળી પડી નહીં. બોચાસણથી શરૂ થતા આજના દિવસે સ્વામીશ્રીએ મંગળા આરતીમાં ૧૫ દંડવત્ કર્યા, ત્યારબાદ અભિષેક મંડપમાં ૫ દંડવત્ કર્યા, ત્યારબાદ શણગાર આરતીમાં ફરી ૫ દંડવત્ કર્યા, ત્યારબાદ પુરુષોત્તમ સ્વામીની પ્રસાદીની દેરીએ પ દંડવત્ કર્યા અને પૂજામાં ૬ દંડવત્ કર્યા. ત્યાર પછી સ્વામીશ્રી બોચાસણથી નીકળ્યા અને ચાણસદ પધાર્યા. સ્વામીશ્રીએ પ્રમુખસ્વામી મહારાજના જન્મસ્થાનમાં ૧૦ દંડવત્ કર્યા, ત્યાર પછી ગામમાં આવેલ મંદિરે ઠાકોરજીને ૫ દંડવત્ કર્યા. ત્યાર પછી સ્વામીશ્રી ચાણસદથી અટલાદરા પધાર્યા. આટલાદરા મંદિરે ઠાકોરજીને ૫ દંડવત્ કર્યા, ૫ દંડવત્ અભિષેક મંડપમાં કર્યા, ૫ દંડવત્ શાસ્ત્રીજી મહારાજના પ્રાસાદિક રૂમમાં અને ૫ દંડવત્ યોગીજી મહારાજના રૂમમાં કર્યા. 
આ રીતે ૮૩ વર્ષની ઉંમરે સ્વામીશ્રીએ નિર્જળા ઉપવાસના દિવસે પણ ૭૧ દંડવત્ કર્યા. આટલું પૂરતું નહોતું.  જ્યારે જન્માષ્ટમીના ઉત્સવની સભા પછી તેઓ મંદિર પરિસરમાં પધાર્યા, ત્યારે વરસાદ પડતો હતો અને અંધારું હતું છતાં પોતાના ઉતારે પધારવાની જગ્યાએ તેઓ મંદિર ઉપર ઠાકોરજીના દર્શન કરવા પધાર્યા. ","<b>Manan:</b>
• <b><u>Learn</b></u> - Mahant Swami Maharaj faced many obstacles: his age was 83 years old, and he was doing a nirjala (waterless) fast...he must have been tired from travelling to 3 places that day. Despite all of these obstacles, </b>Swamishri did not fall back in his bhakti to Bhagwan<b> and actually did even more dandvats than normal!
• <b><u>Live</b><u> - In the same way, whatever difficulties and obstacles we face in our day to day lives, <b>we should never fall back in our bhakti.<b> Whenever we go to the mandir, we should always do darshan, dandvats and pradakshina before doing anything else! We should also remain consistent in <b>following our daily ahnik<b> that we follow at home such as arti, puja, thal, and chesta!",www.placeholder.com
2. <b>Five Consecutive Fasts</b> - <i>Always Following Agna</i>,"Once, after Pramukh Swami Maharaj had returned to Akshardham, Mahant Swami Maharaj and Viveksagar Swami were recalling their incidents with Yogiji Maharaj and Pramukh Swami Maharaj. The other sadhus who were listening were delighted with the exchange.
At the end, the sadhus requested Swamishri to narrate his most memorable incident with Yogiji Maharaj.  Swamishri agreed, and narrated, “In 1956–57, I was travelling with Yogiji Maharaj as a yuvak. Yogi Bapa frequently instructed youths to observe fasts. Once, he told me, ‘Will you observe a fast today?’ I said yes. The next day, when I was going to break the fast, he said to me, ‘Will you observe a fast today?’ How could I say no? I said yes.”
“Again, on the third day, he asked me to observe a fast and I agreed. It was impossible to refuse. And it was not even appropriate to tell him, ‘I observed a fast yesterday, so not today.’ In this way, I observed five nirjala fasts in a row. On the sixth day, Yogi Bapa himself prepared the lemon juice and offered it to me. Yogi Bapa was extremely pleased.”
The sadhus were astonished on hearing this. They knew that Swamishri had often observed two or three consecutive fasts on Yogi Bapa’s instructions, but this was the first time they had learnt that he had observed five consecutive fasts.
Someone commented, “Yogiji Maharaj really pushed you to the limits with fasting (upvas).” Swamishri said, “He gave fasts due to the affection he had.”  The sadhus realized how Swamishri had pleased guru Yogiji Maharaj through such arduous austerities.","પ્રમુખસ્વામી મહારાજ સ્વઘામ પધાર્યા ત્યાર પછી એક દિવસ મહંત સ્વામી મહારાજ અને વિવેક સાગર સ્વામી યોગીજી મહારાજ અને પ્રમુખસ્વામી મહારાજની સાથેના પ્રસંગો યાદ કરી રહ્યા હતા. બીજા સંતો ધ્યાનથી સાંભળતા હતા.
આ વાતચીતના અંતે સંતોએ સ્વામીશ્રીને તેઓનો યોગીજી મહારાજ સાથેનો સૌથી યાદગાર પ્રસંગ જણાવવા વિનંતી કરી. તે સમયે સ્વામીશ્રીએ એક અદભુત પ્રસંગ કહેતાં કહ્યું, ""સન્ ૧૯૫૬-૫૭ ની સાલ હતી, હું યુવકોમાં હતો અને યોગીજી મહારાજ સાથે મુસાફરી કરી રહ્યો હતો. અચાનક યોગીજી મહારાજે યુવકોને ઉપવાસ કરવા જણાવ્યું. મને પણ યોગીજી મહારાજે પૂછ્યું 'તમે ઉપવાસ કરશો?' મેં હા પાડી. બીજે દિવસે જ્યારે હું પારણા કરવા જવાનો હતો ત્યારે યોગીજી મહારાજે પૂછ્યું, ""તમે આજે ઉપવાસ કરશો?"" હું ના કેવી રીતે પાડી શકું? એટલે મેં હા પાડી. 
હવે ત્રીજા દિવસે પણ યોગીબાપાએ મને પૂછ્યું કે 'આજે ઉપવાસ કરશો ?' તે દિવસે પણ મેં હા પાડી. યોગીજી મહારાજને એવું તો કહેવાય નહીં કે મેં ગઈકાલે ઉપવાસ કર્યો હતો એટલે આજે નહીં કરું. આ રીતે મેં સળંગ પાંચ નિર્જળા ઉપવાસ કર્યા. છઠ્ઠા દિવસે યોગીબાપાએ જાતે લીંબુનું પાણી બનાવીને મને પારણા કરવા કરાવ્યાં. યોગીબાપા બહુ રાજી થયા હતા.
આ પ્રશ્ન સાંભળીને સંતો બહુ જ આશ્ચર્ય પામ્યા. તેમને ખબર હતી કે સ્વામીશ્રીએ ઘણી વખત યોગીજી મહારાજની આજ્ઞાથી બે અથવા તો ત્રણ ઉપવાસ કર્યા હતા પરંતુ સળંગ પાંચ ઉપવાસની વાત તો પહેલી વખત સાંભળી.
એટલે તે વખતે કોઈએ કહ્યું, 'યોગીબાપાએ ઉપવાસ કરાવીને તમારી ઠૂસ કાઢી નાખી.' આ સાંભળી મહંત સ્વામી મહારાજે કહ્યું, ""યોગીબાપાને હેત હતું એટલે ઉપવાસ કરાવતા.""","<b>Manan:</b>
• <b><u>Learn</b></u>- Mahant Swami Maharaj happily followed Yogiji Maharaj’s agna, despite how difficult it was. To do one nirjala upvas is difficult enough, but <b>Swamishri did five in a row to please his guru.</b> 
• <b><u>Live</b></u>- We should always try and <b>follow all of Swamishri’s agnas to please him</b>, however difficult they may seem. If we follow agna, then <b>Swamishri will become raji</b> and we will feel great peace in our hearts.",www.placeholder.com
3. <b>Picking Up the Datan Sticks</b> - <i>Humble Seva</i>,"Sankari

In Sankari, a small village near Bardoli, opposite the old BAPS Mandir consecrated by Pramukh Swami Maharaj in 1971, there was a house, behind which a shibir for devotees and karyakars was to be held in the presence of Mahant Swami.
Prior to the shibir, he visited the site for inspection and instantly observed the situation. The entire area was littered with used datan sticks, thrown there by people over the years.
Seeing this, Mahant Swami himself began to pick up the used datan sticks. He found a small bucket and began to deposit the collected sticks in it. As soon as the sadhus realized what he was doing, they rushed to stop him. They said, “There is no need for you to do this menial seva. We will do it.” But Mahant Swami insisted, “No, you do it and I will also do it.” And, Mahant Swami stayed there doing the seva until the end.	
Everyone recalled the verse, “Nichi tel male to mãne bhãgya jo...” (believe it to be your great fortune if you even get menial service to perform...)","સાંકરી
૧૯૭૧ માં‌ બારડોલી પાસે સાંકરી ગામમાં પ્રમુખસ્વામી મહારાજે શિખરબદ્ધ મંદિરની મૂર્તિ પ્રતિષ્ઠા કરેલી. તેની પાછળ એક ઘર હતું, તે ઘરની પાછળના ભાગમાં મહંત સ્વામી મહારાજની ઉપસ્થિતિમાં એક કાર્યકરોની શિબિરનું આયોજન થયું હતું. શિબિર શરૂ થાય એ પહેલા મહંત સ્વામી મહારાજ શિબિર સ્થળ જોવા માટે ત્યાં પધાર્યા. મહંત સ્વામી મહારાજે જોયું કે અહીંયા તો એંઠા દાતણ પડેલા છે . લોકોએ દાંત સાફ કરીને એંઠા દાતણ ત્યાં ફેંક્યા હતા. તો મહંત સ્વામી મહારાજ જાતે જ તે દાતણ એક ડોલમાં ભેગા કરવા લાગ્યા.   જ્યાં સંતોએ  આ દૃશ્ય જોયું ત્યાં તરત  તેઓ સ્વામીશ્રીને રોકવા ગયા અને કહ્યું કે આપે આ કરવાની જરૂર નથી, અમે કરી દઈશું. ત્યારે સ્વામીશ્રી બોલ્યા, ""તમે પણ કરો અને હું પણ કરું."" અને સ્વામીશ્રીએ તેમની સેવા પૂરી કરી. ત્યાં ઉપસ્થિત બધાને એક પંક્તિ યાદ આવી કે 'નીચી ટેલ મળે તો માને ભાગ્ય જો...'","<b>Manan:</b>
• <b><u>Learn</b></u> - Here, we see that Mahant Swami Maharaj has no ego! He sees every chance to do seva as a chance to make his gurus raji,  and is <b>filled with joy</b> doing even the smallest of sevas. Swamishri could have easily told the other sadhus to pick up the datan sticks, but he did it alongside them until the very end. 
• <b><u>Live</b></u> - We too should be excited <b>to have the chance to do any seva!</b> We should remember that no seva is too small - whether it be cleaning bathrooms, vacuuming or serving others. At the end of the day, we should constantly remember that <b>we are very lucky</b> to have the chance to perform the seva of the Satpurush. 
",www.placeholder.com
4. <b>Praying at Night</b> - <i>In the Joy of Others</i>,"June 25, 2017 | Atlanta

Today, Swamishri slept a little and then woke up. He remained sitting on the bed. Shrutipriyadas Swami asked: ‘Swami! What happened? Are you sick? Do you have any problems?’
Swamishri said ‘No’.
The attending sadhu asked: ‘Then what happened? Why are you sitting like this?’
‘I am doing prarthana.’
‘For who?’
‘I am praying that the rain falls and for the devotees’ happiness.’
The attendant sadhu asked: ‘When do you usually pray?’
‘Everyday,’ Swamishri said.
In a similar manner, Pramukh Swami Maharaj once woke up at 2:30 a.m. in London to pray for the rainfall. 
This incident gives us the smruti of Pramukh Swami Maharaj. This is one more prasang suggesting the similarity between both of our gurus.  ","૬-૨૫-૨૦૧૭
આજે મહંત સ્વામી મહારાજ ૮-૨૦ વાગે પોઢ્યા. થોડું ઘણું સૂતા ન સૂતા ને ૯-૧૦ વાગે તો જાગી ગયા. પથારીમાં બેઠા રહ્યા. મુનિચિંતનદાસ સ્વામીએ શ્રુતિપ્રિયદાસ સ્વામીને બોલાવ્યા. શ્રુતિપ્રિયદાસ સ્વામીએ પૂછ્યું : “સ્વામી! શું થયું? બીમાર છો? કાંઈ તક્લીફ છે?’
સ્વામીશ્રીએ ‘ના' પાડી. સેવકોએ આગળ પૂછ્યું : ‘તો થયું? કેમ આમ બેઠા છો?” સ્વામીશ્રીએ કહ્યું : ‘પ્રાર્થના કરું છું. 'સેવકોએ પૂછ્યું : 'કોના માટે? સ્વામીશ્રીએ કહ્યું : “દેશમાં વરસાદ થાય અને હરિભક્તો સુખિયા થાય તે માટે.' સેવકોએ પૂછ્યું : “આપ ક્યારે ક્યારે પ્રાર્થના કરો છો?' સ્વામીશ્રી કહે : 'દરરોજ.' સ્વામીબાપાએ લંડનમાં રાત્રે ૨-૩૦ વાગે જાગીને વરસાદ માટે ધૂન કરી હતી. અને તેઓએ પણ કહ્યું હતું, ‘તેઓ દરરોજ આ રીતે પ્રાર્થના કરે છે.' આ પ્રસંગ પ્રમુખસ્વામી મહારાજની યાદ અપાવે છે. સાથે સાથે એ પણ ખ્યાલ આવે છે કે બંને ગુરુ મને એક સરખા ગુણ રહેલા છે. ","Manan: 
Learn - Mahant Swami Maharaj has compassion for all devotees. He prays for all of our happiness even in the middle of the night when most of us would be fast asleep! Swamishri turns to prarthna in any and every situation. 
Live - We should have care and compassion for our friends, family and all devotees by never hurting their feelings and being helpful. Whenever we are going through something tough or even when things are going well, we should look to follow Swamishri’s footsteps and pray to him and Maharaj. ",www.placeholder.com
5. <b>Giving up Patarveliya</b> - <i>Following Swami’s Wish</i>,"During Yogiiji Maharaj's time, Mahant Swami Maharaj used to like patarveliya a lot. Once, Swamishri was in Nadiad, and he had just arrived to do parna. There was a plate of patarveliya, his favorite food. Just as he was being served the food, Yogibapa casually said that Mahant Swami Maharaj doesn’t like patarveliya; instead, he likes makhana. Makhana is a specific type of mamra that is puffed. From that day forward, Mahant Swami Maharaj stopped eating patarveliya, and instead ate mamra every morning.
One day, years later, the Pujya Santo wondered why Mahant Swami Maharaj would always start his meals with makhana mamra. Upon asking, Mahant Swami Maharaj informed the Pujya Santo of this prasang and explained that he eats the mamra to do smruti of Yogibapa.        
Even though Yogibapa did not explicitly tell Mahant Swami Maharaj to stop eating patarveliya, Swamishri understood Yogibapa’s marji and became who his guru wanted him to be. When Mahant Swami Maharaj was asked why he stopped eating patarveliya, he replied, “Emne je game te ãpane game” (whatever he likes is what I like). 
In this way, Mahant Swami Maharaj portrays how he has always chosen to be who his guru wants him to be, by following his guru’s agna.","૬-૨૫-૨૦૧૭ એટલાન્ટા
આજે મહંત સ્વામી મહારાજ ૮-૨૦ વાગે પોઢ્યા. થોડું ઘણું સૂતા ન સૂતા ને ૯-૧૦ વાગે તો જાગી ગયા. પથારીમાં બેઠા રહ્યા. મુનિચિંતનદાસ સ્વામીએ શ્રુતિપ્રિયદાસ સ્વામીને બોલાવ્યા. શ્રુતિપ્રિયદાસ સ્વામીએ પૂછ્યું : “સ્વામી! શું થયું? બીમાર છો? કાંઈ તક્લીફ છે?""
સ્વામીશ્રીએ ‘ના' પાડી. સેવકોએ આગળ પૂછ્યું: “તો શું થયું? કેમ આમ બેઠા છો?” સ્વામીશ્રીએ કહ્યું: “પ્રાર્થના કરું છું.” સેવકોએ પૂછ્યું : 'કોના માટે?’ સ્વામીશ્રીએ કહ્યું : “દેશમાં વરસાદ થાય અને હરિભક્તો સુખિયા થાય તે માટે.” સેવકોએ પૂછ્યું : “આપ ક્યારે ક્યારે પ્રાર્થના કરો છો?” સ્વામીશ્રી કહે : 'દરરોજ.' સ્વામીબાપાએ (પ્રમુખસ્વામી મહારાજે) લંડનમાં રાત્રે ૨-૩૦ વાગે જાગીને વરસાદ માટે ધૂન કરી હતી. અને તેઓએ પણ કહ્યું હતું, ‘તેઓ દરરોજ આ રીતે પ્રાર્થના કરે છે.' આ પ્રસંગ પ્રમુખસ્વામી મહારાજની યાદ અપાવે છે. સાથે સાથે એ પણ ખ્યાલ આવે છે કે બંને ગુરુમાં એક સરખા ગુણ રહેલા છે. ","<b>Manan:</b>
• <b><u>Learn</b></u> - Mahant Swami Maharaj has <b>compassion</b> for all devotees. He prays for all of our happiness even in the middle of the night when most of us would be fast asleep! Swamishri turns to <b>prarthna</b> in any and every situation. 
• <b><u>Live</b></u> - Whenever we are going through something tough or even when things are going well, we should look to <b>follow Swamishri’s footsteps</b> and <b>pray</b> to him and Maharaj. Moreover, we should show our care and concern for others, including our parents, siblings, friends and more.",www.placeholder.com
6. <b>Ashirwad for Niyams</b> -  <i>Niyams Lead to Progress and Happiness</i>,"December 16, 2017 | Surendranagar

After finishing Chesta with Swamishri, Pujya Santo called a staunch satsangi yuvak named Darshil Patel. They told Swamishri, “Darshil is in Germany for his studies, but to uphold his niyams, he cooks his own food and does not eat out.” While giving him ashirwad, Swami said, “Even though you don’t notice it right now, because you follow your niyams, you will be very happy in the future.” Swamishri additionally said, “It will come to the forefront”, meaning that in times of adversity and need, those niyams will be our shield and armor.","ડિસેમ્બર ૧૬, ૨૦૧૭ | સુરેન્દ્રનગર
ચેષ્ટાગાન પૂર્ણ કરીને સંતોએ અહીંના એક નિષ્ઠાવાન યુવક દર્શિલ પટેલને ફોન જોડ્યો. સ્વામીશ્રીને જણાવ્યું કે, અત્યારે તે વિશેષ અભ્યાસ કરવા જર્મની ગયો છે, પણ આપણા નિયમ-ધર્મ સચવાય તે માટે જાતે રસોઈ બનાવીને જમે છે, બહારનું સહેજ પણ જમતો નથી.' સ્વામીશ્રીએ તેને આશીર્વાદ આપતાં કહ્યું : ‘ નિયમ પાળો છો, હમણાં જણાશે નહીં, પણ ભવિષ્યમાં ખૂબ આનંદ આવશે. આગળ આવશે.' સ્વામીશ્રીએ કરેલો શબ્દપ્રયોગ ‘આગળ આવશે' કેટલો સૂચક છે! તેઓ જણાવી રહ્યા હતા કે 'આ જ નિયમો ટાણે ઢાલ અને કવચ બનીને તમારી આગળ આવશે ને રક્ષા કરશે....' સ્વામીશ્રીના આ આશીર્વાદ ફક્ત એક દર્શિલ માટે નહીં, તેની જેમ નિયમ-ધર્મની દૃઢતા રાખનાર તમામ માટે હતા.","<b>Manan:</b>
• <b><u>Learn</b></u> - Mahant Swami Maharaj explains to Darshilbhai that even though he might not feel he is growing right now,  following niyams will bring him the rajipo of his guru and happiness <b>in the long-term.</b>
• <b><u>Live</b></u> - We should also <b>take niyams, challenge ourselves</b>,  and follow agnas to please Swamishri. As Mahant Swami Maharaj explained, though it may be hard to follow them now, these niyams will bring us <b>long-term happiness</b> and the <b>strength</b> that we all need to <b>overcome difficult times in our lives.<b> ",www.placeholder.com
"7. <b>No Mangla, No Food</b> - <i>Following Daily Ahnik</i>","2013 | Selvas

Local karyakars had forgotten to inform Mahant Swami Maharaj that the mangla arti in Selvas occurred every day at 5.45 a.m., as opposed to 6.00 a.m (the mangla arti time in many other mandirs). So, on his first day there, Mahant Swami made his way to the mandir at 5.57 a.m., thinking that he would be just in time for the arti. However, as he climbed the steps, he saw people descending the mandir.
“Is the mangala [arti] over?” he asked.
“Yes,” someone replied.
Disheartened, Mahant Swami Maharaj decided to atone for missing the arti by fasting for the day. Breakfast had been served to him, but he refused to eat. Local karyakars apologized for not communicating the time to him and their eyes welled up with tears as they requested him to not fast. To please them, he took a morsel of food in his hand; just then, however, a devotee arrived. As everyone’s attention turned to the devotee, Swamishri nonchalantly put the morsel down. In this way, he resolutely refused to eat breakfast. Yet, as the organizers lovingly pressed for him to eat, Swamishri said, “I wanted to fast all day but because all of you are insisting, I will eat in the afternoon. However, I do not wish to eat right now.” This incident illustrates the strength of Mahant Swami Maharaj’s devotion. No mangala, no food. This, too, at the age of 80!","૨૦૧૩ |  સેલવાસ
સ્થાનિક આયોજકો મહંત સ્વામી મહારાજને મંગળા આરતી અહીં ૬ વાગ્યાની જગ્યાએ ૫:૪૫ વાગ્યે થાય છે તેવું કહેવાનું ભૂલી ગયા હતા. બીજે દિવસે સવારે ૬ વાગ્યાને ૩ મિનિટની વાર હતી . ત્યારે સ્વામીશ્રી ઉતાવળથી મંદિર બાજુ જ જતા હતા. સંતોને સામેથી આવતા જોઈને પૂછ્યું, ‘મંગળા થઈ ગઈ?' ઉત્તર મળ્યો ‘હા થઈ ગઈ.' સ્વામીશ્રીનું મુખ એકદમ કરમાઈ ગયું. આરતી ચૂકાઈ ગઈ તેના કારણે તેમને અંતરમાં દુઃખ થયું. સ્વામીશ્રીએ તે દિવસે ઉપવાસ કરવાનું નક્કી કર્યું. પૂજા પછી તેમને નાસ્તો આપવામાં આવ્યો ત્યારે તેમણે ના પાડી દીધી. વ્યવસ્થાપકોએ સ્વામીશ્રીની માફી માગી અને તેમને ઉપવાસ ન કરવા વિનંતી કરી. સૌની રાજી કરવા સ્વામીશ્રીએ રાજી કરવા થોડું એક કોળીયો હાથમાં લીધો પણ એટલામાં એક હરિભક્ત આવ્યા. તેની સાથે વાતચીત ચાલી, સૌનું ધ્યાન તેમાં ગયું એટલે સ્વામીશ્રીએ હળવેકથી તે ભોજન પાછું સરકાવી દીધું. પરંતુ આયોજકોએ પ્રેમથી જમવા વિનંતી કરી. એ વખતે સ્વામીશ્રી બોલ્યા હતા : ‘મારે તો આખો દિવસ ઉપવાસ કરવો હતો, પણ તમે બધા કહો છો તો બપોરે જમીશું.
આ પ્રસંગ મહંત સ્વામી મહારાજનો ઠાકોરજી પ્રત્યેનો પ્રેમ અને ભક્તિ દર્શાવે છે. મંગળા આરતી નહીં તો જમવાનું નહીં, એ પણ એંસી વર્ષની ઉંમરે!","<b>Manan:</b>
• <b><u>Learn</b></u> - Mahant Swami Maharaj takes following his ahnik so seriously that even the slightest shortcoming in completing them is <b>not excused.</b> Swamishri was going <b>to fast for the entire day</b> due to a miscommunication about the timing of mangala arti that was <b>not even his fault!</b> For Swamishri, ahnik is a <b>must. </b> 
• <b><u>Live</b></u> - In the same way, we should follow and perform our ahnik with the <b>utmost sincerity.</b> Whether it be arti, thal or puja, we should do it with 100% concentration and sincerity. Moreover, we should never skip our ahnik. ",www.placeholder.com
8. <b>Satpurush’s Mahima</b> - <i>Forever Beholding God</i>,"The evening program on October 13, 2017 in Leicester was themed 'Iti Vachanamrut'. At the end of the program, there was a short discussion on how we should understand the Satpurush's Mahimā (greatness). There were many different opinions discussed. Some argued, “The Satpurush is the Pinnacle of Saintliness, he is the best at management, etc.”

Thereafter, Swamishri himself was requested to explain the greatness of the Satpurush, as only he would truly know. Swamishri said,""E akhanḍ Bhagwānne dhāri rahya che. E moṭāmā moṭu sāmarthya che. Biju badhu thai shake, pan Bhagwanne dhārvā te na thai shake.” (“He always beholds God. That is his greatest power. One can do everything else, but to always behold God is impossible.”)","૧૩ ઓક્ટોબર ૨૦૧૭, લેસ્ટર. 
આજનો સાંજનો સભા કાર્યક્રમનો થીમ હતો 'ઇતિ વચનામૃતમ્'. કાર્યક્રમના અંત ભાગની અંદર ચર્ચાનું આયોજન થયું હતું. ચર્ચાનો વિષય હતો કે અમારે સત્પુરુષનો મહિમા કેવી રીતે સમજવો ? કોઈએ કહ્યું કે તેઓ સાધુતાની મૂર્તિ છે કોઈએ કહ્યું કે મેનેજમેન્ટના નિષ્ણાત છે વગેરે. 
ત્યાર પછી સ્વામીશ્રીને જ એવી વિનંતી કરવામાં આવી કે 'સ્વામી! આપ જ કહો કે સત્પુરુષનો મહિમા શું છે તો જ અમને સમજાય એવું છે.'
સ્વામીશ્રીએ કહ્યું કે ""એ અખંડ ભગવાનને ધારી રહ્યા છે. એ મોટામાં મોટું સામર્થ્ય છે. બીજું બધું થઈ શકે પણ ભગવાનને ધારવા એ ન થઈ શકે.""","<b>Manan:</b>
• <b><u>Learn</b></u> -  In this prasang, we get to understand our guru’s greatness <b>in his own words!</b> Mahant Swami Maharaj shows that the Satpurush is <b>eternally connected to Bhagwan</b>, and we are <b>lucky</b> to be able to see him and talk to him. Nobody in this universe can connect us to Bhagwan besides our beloved guru!
• <b><u>Live</b></u> - Everytime we do darshan of Swamibapa, we should be grateful and joyful that we have met the <b>one person</b> that can take us to Shriji Maharaj in Akshardham. Knowing their <b>mahima (greatness)</b> is more important than anything in the world because if we believe in Swami, we will <b>always be happy.<b>",www.placeholder.com
9. <b>Difficulties in Travel</b> - <i>Maintaining Patience and a Positive Attitude</i>,"April 23, 2017 | Kolkata

Mahant Swami Maharaj was at the airport at 12pm and Swamishri was scheduled to get on a helicopter to get to Kolkata mandir. Unfortunately, the helicopter had not arrived yet. As Swamishri was waiting in the summer heat, Pujya Santo began a goshthi with Swamishri. Minutes turned to hours and finally around 2 hours later at 1:45pm, the helicopter arrived. Swamishri boarded the helicopter and waited again. Why? This time the helicopter didn’t get clearance or permission to fly.  Swamishri waited patiently and continued the goshthi with the Pujya Santo. One whole hour later, Swamishri was still waiting. Now at 2:45pm, the haribhakto decided to take Swamishri in a car to mandir instead. So Swamishri got off the helicopter, sat in a car and travelled by road. Finally, Swamishri arrived at Kolkata mandir at 4pm, 4 hours after he was scheduled to arrive at mandir. When Mahant Swami Maharaj finally entered his room, the Pujya Santo said “aaje airport par bahu taklif padi” (you had to face a lot of difficulties at the airport).  Swami responded, “Bhagwan ni ichha. Pan aaje airport par goshthi bahu saari thai” (it is all due to Bhagwan’s wish - we used the time to do a great goshthi).  Despite having to go through all these difficulties, Swamishri saw only the positive!","૪-૨૩-૨૦૧૭ કલકત્તા 
બરાબર ૧૨ વાગે વિમાને કોલકાતાની ધરતીનો સ્પર્શ કરી લીધો. સ્વામીશ્રી જલદીમાં જલદી મંદિર પહોંચી જાય તે માટે હેલિકોપ્ટરની વ્યવસ્થા કરવામાં આવી હતી. પણ સમાચાર મળ્યા કે હેલિકોપ્ટરને આવતાં હજુ થોડી વાર લાગશે. તેથી સ્વામીશ્રીને પ્લેનની અંદર જ પ્રતીક્ષા કરાવવાનું નક્કી થયું. થોડીવાર પ્રતીક્ષા કરી પછી સમાચાર આવ્યા કે, હેલિકોપ્ટર મંદિરે પહોંચી ગયું છે. અને ત્યાંથી પછી અહીં આવશે. ૧-૪૫ વાગે હેલિકૉપ્ટર આવ્યું. સ્વામીશ્રી સહિત સૌ અંદર ગોઠવાયા પણ હજુ હેલિકોપ્ટર ઊપડ્યું નહીં. ખબર પડી કે હેલિકૉપ્ટરને ઉડવાની પરમિશન મળતી નહોતી. સ્વામીશ્રી માળા ફેરવવાની મુદ્રા કરતાં કહે : ‘આનંદ છે, ભગવાનનું ભજન થતું રહે છે.'  ત્યાર પછી સરસ ગોષ્ઠી થઈ. ૨:૪૫ થયા. હજુ પરમિશનના કોઈ જ સમાચાર નહોતા. છેવટે નિર્ણય લેવામાં આવ્યો – ‘સ્વામીશ્રીને કારમાં બેસાડીને મંદિરે લઈ જવા.' સ્વામીશ્રીની ગાડી લગભગ ૩-૦૦ વાગ્યાના સુમારે એરપોર્ટમાંથી વિદાય થઈ. સ્વામીશ્રીને ખૂબ ભીડો પડ્યો હતો. તેથી સેવકોએ ગાડીમાં થોડો આરામ કરવાની વિનંતી કરી. વિનંતી માન્ય રાખીને સ્વામીશ્રીએ થોડીવાર નેત્રો બીડ્યાં. લગભગ એકાદ ક્લાકની મુસાફરી બાદ ૪:૦૭ વાગે  સ્વામીશ્રી મંદિરે પધાર્યા.
ઠાકોરજીના દર્શન કરીને હરિભક્તોને મળતા મળતા જ્યારે સ્વામીશ્રી રૂમમાં પ્રવેશ્યા ત્યારે સંતોએ કહ્યું તે આજે આપણે બહુ તકલીફ પડી. સ્વામીશ્રી કહે, ""ભગવાનની ઈચ્છા, પણ આજે એરપોર્ટ પર સાથે ગોષ્ઠી સરસ થઈ.""  આટલી બધી મુશ્કેલીઓમાંથી પસાર થવા છતાં સ્વામીશ્રીએ સવળી દૃષ્ટિ રાખી.","<b>Manan:</b>
• <b><u>Learn</b></u> -  Despite having to go through all these difficulties, Swamishri <b>only saw the positive!</b> He didn’t blame the airport authorities, or karyakars or anyone else that was with him. 
• <b><u>Live</b></u> - We should imbibe this quality of Mahant Swami Maharaj by <b>having gun grahak drashti</b> and only seeing the <b>positives</b> of everyone and everything around us. Even in unfortunate and difficult situations, we should be <b>patient</b> and believe that Maharaj and Swami will always help us.
",www.placeholder.com
10. <b>Samp</b> - <i>Sacrificing for Others</i>,"April 20, 2018 | Shimla 

Due to the cold climate in Shimla, a heater was placed in Mahant Swami Maharaj’s room to keep it warm. The next day, when Swamishri woke up, the Pujya Santo learned that there was no warm water in Swamishri’s bathroom. The Pujya Santo immediately filled 2 buckets of warm water downstairs and prepared the water for Swamishri’s bath. Only these 2 buckets of water were available at the time because there was an overall shortage of water at the hotel. The next day, Swamishri was awake all night and unable to sleep due to a stomach ache. Hence, Swamishri woke up early the next morning to bathe. There were two buckets of water prepared for Swamishri and instead Swami just used one bucket of water for his bath. The sevak sant questioned, “Why are you using only one bucket?”
What had happened the day before was that while Swamishri was eating, he overheard a karyakar telling the other haribhakto that there was a shortage of water at the hotel. The karyakar requested all the haribhakto and Pujya Santo to bathe with only one bucket so that everyone could have enough water. Although Swamishri wasn’t directly informed of the situation, Swamishri kept these words in mind and insisted on only using one bucket of water for his bath. The sevaks explained, “Swami, this guidance was not for you, but it was for others to follow.” Swamishri politely replied, “No, instead of spilling out the rest of the water in this bucket, it’s better to give it to someone. Pujya Santcharit Swami next door has not bathed yet, perhaps you can give it to him.” In this prasang, we get to see that Swamishri kept samp two ways. First, even though the announcement to use less water was for everyone else, Swami still followed it. Second, he even worried about the sant in the next door room and gave up half of his hot water so the other sant could have some to use.","૨૦ એપ્રીલ ૨૦૧૮  |  શિમલા
૨૦૧૮, ૨૦મી એપ્રીલના દિવસે મહંત સ્વામી મહારાજ દિલ્હીથી શિમલા પધાર્યા. તે વખતે વાતાવરણ ખૂબ જ ઠંડુ હતું. તેથી સ્વામીશ્રીનો રૂમ ગરમ રહે તે હેતુથી હીટર ગોઠવી દેવામાં આવ્યા હતા. ૨૧મીએ સવારે સ્વામીશ્રી જ્યારે જાગ્યા ત્યારે સંતો એ ચેક કર્યું કે સ્વામીશ્રીના બાથરૂમમાં ગરમ પાણી નહોતું આવતું. તેથી તાત્કાલીક નીચેથી બે ગરમ પાણીની ડોલ ભરીને લઇ આવ્યા. અને સ્વામીશ્રીના ન્હાવા માટે પાણી તૈયાર રાખી દીધું. આ બે ડોલ જ પાણી હતું, બીજે બધે પણ પાણી ખુટી ગયું  હતું. અને સ્વામીશ્રીએ તેનાથી સ્નાન કર્યું. બીજે દિવસે સ્વામીશ્રીને આખી રાત ઉજાગરા થયા હતા. કારણ કે સ્વામીશ્રીને પેટમાં તકલીફ હતી એટલે આખી રાત જાગતા રહ્યા. ઊંઘ ન આવી. એટલે સ્વામીશ્રી સવારે વહેલા નાહવા ગયા. બે ડોલ ગરમ પાણી તૈયાર જ રાખ્યું હતું. એક ડોલ પાણીથી સ્વામીશ્રીએ સ્નાન કર્યું. અને બીજી ડોલથી સેવકોએ સ્નાન કરવાનું ચાલુ કર્યું તો સ્વામીશ્રીએ ના પાડી. સ્વામીશ્રી કહે, 'બસ, એક જ ડોલ.' તો સેવકે પૂછ્યું, 'કેમ એક જ ડોલ ?’ 
બન્યું હતું એવું કે આગલા દિવસે સ્વામીશ્રી જ્યારે બપોરે જમતા હતા ત્યારે એક કાર્યકર્તાએ થોડા હરિભક્તો હાજર હતા એમના માટે જાહેરાત કરી હતી કે હોટલમાં પાણી ખૂટી જાય છે તો એના માટે બધાને વિનંતી કરી હતી કે બધા એક ડોલ પાણીથી સ્નાન કરે જેથી બધાને પાણી મળતું રહે. એટલે સ્વામીશ્રીએ આ જાહેરાત ધ્યાનમાં રાખીને કહ્યું કે બસ એક જ ડોલ. સેવકોએ વિનંતી કરી કે સ્વામી આ જાહેરાત બીજા માટે છે આપના માટે નહીં. તો સ્વામીશ્રીએ કહ્યું 'ના.' સેવકોએ કહ્યું કે આ ડોલ પાણી ઢોળી નાંખીએ એના કરતાં સ્નાન કરી લો તો સારું. તો સ્વામીશ્રીએ કહ્યું, ""બાજુમાં સંતચરીત સ્વામીની રૂમ છે એમને કદાચ નાહવાનું બાકી હશે, એમને પાણી આપી આવો."" 
આ પ્રસંગમાં જોવા મળે છે કે સ્વામીશ્રીએ બે રીતે સંપ રાખ્યો. એક તો  જે જાહેરાત બધા માટે હતી તેમાં ભળીને સહકાર આપ્યો. અને બીજુ કે બાજુની રૂમમાં બીજા સંત હતા એમની પણ ચિંતા કરી અને પોતાના માટેનું ગરમ પાણી તેમના માટે મોકલાવ્યું.","<b>Manan:</b>
• <b><u>Learn</b></u> - Mahant Swami Maharaj shows us the importance of samp by sacrificing for others. Even though he could have used more water, he remembered the other santo and haribhakto, caring for them. He truly sees our sanstha as a <b>sampelu parivaar.</b>
• <b><u>Live</b></u> - We too should have this <b>samp</b> with our fellow balaks/balikas, siblings and parents. It should be our goal to help each other <b>as Swami did.</b> We can do this by sharing with others, whether it be food, toys or whatever else! ",www.placeholder.com
11. <b>Dandvats to a Youth</b> - <i>Humble Respect</i>,"1987 | Bochasan

As directed by Pramukh Swami Maharaj, Mahant Swami travelled across India and abroad to strengthen the satsang of devotees everywhere.
Once, in 1987, Mahant Swami returned to Bochasan at around 11pm. A youth who was accompanying him began to clean his room, while Swami went for a bath. After he had finished and was getting dressed, the youth went into the bathroom to rinse Mahant Swami’s wet clothes. But, when the youth emerged from the bathroom, he was stunned to see Mahant Swami performing dandvats in the direction of the bathroom. Surprised, the youth asked, “Swami, why are you performing dandvats towards the bathroom?”
Revealing his respect towards the youth, Mahant Swami replied, “You have observed a nirjala fast today, and also performed much physical seva. You have left your comforts in Mumbai and come... Yogi Bapa was always delighted to see the youths. So, I was offering dandvats to you!”
Today, that youth, now known as Pujya Anandvihari Swami, still emotionally recalls that occasion. Such is the glory and respect Mahant Swami has for all.","૧૯૮૭ | બોચાસણ

પ્રમુખસ્વામી મહારાજની આજ્ઞાથી મહંત સ્વામી મહારાજે ભારત અને ભારતથી બહાર સત્સંગ વધારવા ખૂબ વિચરણ કર્યું છે‌. 
એક વખત ૧૯૮૭ મહંત સ્વામી મહારાજ રાતે ૧૧ વાગ્યે બોચાસણ પાછા આવ્યા. સ્વામીશ્રી બાથરૂમમાં સ્નાન કરવા પધાર્યા.એમની સાથે વિચરણ કરતા એક યુવક એમની રૂમની સફાઈ કરવા લાગ્યા‌. ત્યારે સ્વામીશ્રી સ્નાન પૂરું કરીને ધોતિયું પહેરતા હતા ત્યારે આ યુવક સ્વામીશ્રીના ભીના કપડાં નીચોવવા બાથરૂમમાં ગયા. જ્યારે આ યુવક બાથરૂમની બહાર આવ્યા ત્યારે આશ્ચર્ય પામ્યા કારણ કે મહંત સ્વામી મહારાજ બાથરૂમની દિશામાં દંડવત કરી રહ્યા હતા. આશ્ચર્ય સાથે યુવકે પૂછ્યું કે સ્વામી આપ બાથરૂમ બાજુ કેમ દંડવત કરી રહ્યા હતા? 
મહંત સ્વામી મહારાજે આદર ભાવ સાથે કહ્યું કે, ""તમે આજે નિર્જળા ઉપવાસ કર્યો અને સાથે સેવા પણ કરી તમે મુંબઈ છોડીને અમારી સાથે વિચરણ કરવા આવ્યા.... યોગીબાપા યુવકોને જોઈને બહુ આનંદ પામતા. એટલે મેં તમને દંડવત્ કર્યા."" 
આજે એ યુવક એટલે કે પૂજ્ય આનંદવિહારી સ્વામી. આવો આદર અને મહિમા મહંત સ્વામી મહારાજને બધા માટે છે.  ","<b>Manan:</b>
• <b><u>Learn</b></u> - Mahant Swami Maharaj has the <b>utmost respect</b> for his haribhakto and willingly shows his love for them! As seen in this prasang, Mahant Swami Maharaj took it upon himself to offer dandavats to a youth because of how impressed he was with the seva and bhakti he had done throughout the day.
• <b><u>Live</b></u> -  We must also imbibe this mindset of having <b>respect for all</b> into our lives. By taking small steps, such as respecting our parents, bowing down to other balaks or balikas, and doing panchang pranam to Pujya Santo, we can also begin to develop this same humility in our lives!  ",www.placeholder.com
12. <b>Thakorji Comes First!</b> - <i>Parabhakti</i>,"February 27, 2018 | Sydney 
After having finished his walk, Swamishri headed to the sabha hall at the Rose Hill Racecourse, a very famous venue in Sydney, Australia. Swаamishri stepped down from the car. On this day, the Bal-Kishore Din was being celebrated, themed “Chalo Chalo Ham Akshardhаam...”. A series of letter-shaped balloons were arranged to read out this theme and were set to be released into the sky by Swаamishri. Before releasing them, Swamishri remembered Thakorji and called for the balloons to be offered to him first. Only after the balloons were sanctified by Thakorji were they released into the sky by Swamishri. Upon seeing this prasang unfold, the Pujya Santo said, “Wow! Look at Swаmishri’s parаbhakti!”","ફેબ્રુઆરી ૨૭, ૨૦૧૮  |  સિડની
વોકિંગ પૂરું કર્યા પછી સ્વામીશ્રી સિડની ઓસ્ટ્રેલિયાના પ્રસિદ્ધ રોઝ હિલ રેસકોર્સ વિસ્તારના એક સભા હોલ તરફ જવા નીકળ્યા. તે પહોંચતા સ્વામીશ્રી કાર માંથી ઉતર્યા. આજના બાલ કિશોર દિનનો થીમ હતો 'ચલો ચલે હમ અક્ષરધામ.' આ થીમના અક્ષરોના‌ આકારના ફુગ્ગાઓ ગોઠવીને સ્વામીશ્રી દ્વારા આકાશમાં છોડવા માટેનું આયોજન થયું હતું. આ ફુગાવો આકાશમાં વિહરતા મુકતા પહેલાં સ્વામીશ્રીએ ઠાકોરજી યાદ કરી મંગાવ્યા. ઠાકોરજીના પ્રસાદીના કરાવ્યા બાદ જ સ્વામીશ્રીએ ફુગ્ગા આકાશમાં છોડ્યા. આ જોતા જ સંતોએ કહ્યું, ""વાહ! શું સ્વામીશ્રીની પરાભક્તિ!""","<b>Manan:</b>
• <b><u>Learn</b></u> - Mahant Swami Maharaj always <b>puts Thakorji at the forefront</b> of all celebrations and accomplishments. Even the smallest celebration of releasing balloons must always begin with Thakorji because Swamishri <b>gives the credit</b> for everything to Bhagwan and <b>his gurus.</b> 
• <b><u>Live</b></u> - We should remember Maharaj and our gurus before we perform any task, including our school work. Moreover, just as Mahant Swami Maharaj credits all of the sanstha’s accomplishments to his guru’s sacrifices, we too should <b>give all the credit to Maharaj and Swamishri.<b> ",www.placeholder.com
13. <b>Tasteless Food</b> - <i>Niswadipanu</i>,"For years, Mahant Swami Maharaj has had his food prepared without salt or savory spices, so that it remains bland and devoid of any special flavor.
Several years ago, children and teens from North America had travelled to India to visit our mandirs. They had darshan of Mahant Swami while he was eating his lunch in Bochasan. Out of curiosity, one of the children asked, “What are you having for lunch?”
Swami smiled and, pointing to the food next to his pattar, asked, “Would you like to try some?” The child nodded in delight. Mahant Swami took a spoonful of parvarnu shaak and gave it to the child. The child eagerly put the parvarnu shaak in his mouth, and instantly his delight changed to disgust. The food was so bland that the child spit it right out. 
He then asked Swamishri, “How can you eat food that is so flavorless and bland?”
Mahant Swami replied, “We experience the joy of having attained Yogi Bapa and Pramukh Swami Maharaj. Consequently, we have no need for any other taste.”
Everyone was thoroughly impressed with Swamishri’s detachment from taste and the bliss he experienced in the attainment of his gurus.","વર્ષો સુધી મહંત સ્વામી મહારાજ મીઠા અને મસાલા વગરનું કોઈ રસ-કસ વગરનું જમ્યા છે.
થોડા વર્ષો પહેલા‌ અમેરિકાથી બાળકો અને કિશોરો ભારતના મંદિરોના દર્શન માટે ગયા હતા. તેઓને મહંત સ્વામી મહારાજ બોચાસણમાં હતા ત્યારે તેમના ભોજન દર્શનનો લાભ મળ્યો હતો‌ જિજ્ઞાસાથી બાળકોએ સ્વામીશ્રીને પૂછ્યું, 'આપ શું જમી રહ્યા છો ?' થોડા હાસ્ય સાથે સ્વામીશ્રીએ બાળકોને પૂછ્યું, 'તમારે ચાખવું છે‌?' ત્યાર પછી સ્વામીશ્રીએ એક ચમચી જેટલું પરવળનું શાક પેલા બાળકને આપ્યું. જિજ્ઞાસાથી પેલા બાળકે પરવળનું શાક મોમાં મુકયું અને એકદમ મોઢું બગાડ્યું અને થૂંકી કાઢયું. કારણકે રસકસ વગરનું હતું. પછી તેણે સ્વામીશ્રીને પૂછ્યું તમે આવું સ્વાદ વગરનું ભોજન કેવી રીતે જમી શકો છો ?
મહંત સ્વામી મહારાજે ઉત્તર આપતા કહ્યું, ""હું યોગી બાપા અને પ્રમુખસ્વામી મહારાજ મળ્યાનો આનંદ લઉં છું. તેથી મારે બીજા કોઈ સ્વાદના આનંદની જરૂર નથી."" 
ત્યાં ઉપસ્થિત સૌ કોઈ સ્વામીશ્રીના નિસ્વાદી ગુણથી અને ગુરુ મળ્યાનો આનંદ જોઈ આશ્ચર્ય પામ્યા.","<b>Manan:</b>
• <b><u>Learn</b></u> - Mahant Swami Maharaj has the <b>highest level of vairagya</b> as he is <b>detached from all worldly desires</b>, even his sense of taste. He has no expectations of food as his focus is always on Maharaj and Swami. 
• <b><u>Live</b></u> - We too should keep this mindset so that we can <b>remain content</b> whenever we don’t get what we want. Instead of being picky about what we are given to eat, we should think of food as prasad and do smruti of Swami as we eat. 
",www.placeholder.com
14. <b>Seva Despite A Fever</b> - <i>No Complaints</i>,"Gondal 
One time Yogiji Maharaj was in Gondal.  Bhailubhai from Adval had brought a new khataro (truck) to the mandir for pujan. At that time, Yogiji Maharaj began emptying the ukedo (big trash pit) in this khataro.  He noticed Mahant Swami was not present so he asked, “Where is Mahant Swami?”  Someone mentioned, “He has a fever.” Hearing this Yogiji Maharaj said “Call him for seva. His fever will be gone.” Mahant Swami was resting as he had a 103 degree fever. However, when Mahant Swami was woken up, he did not complain and did seva for 2 hours. Afterwards, Mahant Swami reflected, saying that even though the fever didn’t subside, the seva remained in his memories forever.","ગોંડલ
એક વખત યોગીજી મહારાજ ગોંડલમાં હતા. અડવાળના ભયલુભાઇ નવો ખરીદેલો ખટારો મંદિરમાં પૂજન માટે લાવ્યા. યોગીજી મહારાજે ખટારામાં ઉકરડો ભરવાની સેવા શરૂ કરાવી. યોગીજી મહારાજે જોયું કે મહંત સ્વામી મહારાજ ઉપસ્થિત નહોતા. તેથી તેમણે પૂછ્યું કે ""મહંત સ્વામી ક્યાં છે?"" કોઈએ કહ્યું કે તેમને તાવ આવ્યો છે. આ સાંભળી યોગીજી મહારાજ કહે ""એમને બોલાવો, તાવ ઉતરી જશે."" મહંત સ્વામી મહારાજ તો ૧૦૩ ડિગ્રી તાવ હોવાથી સુઈ ગયા હતા. પણ યોગીજી મહારાજની આજ્ઞાથી તાવ હતો તેમ છતાં આવ્યા અને સેવામાં જોડાયા. વર્ષો પછી મહંત સ્વામી મહારાજે આ પ્રસંગને યાદ કરતાં કહ્યું હતું કે તાવ તો ન ઉતર્યો પણ સ્મૃતિ કાયમ માટે રહી ગઈ.","<b>Manan:</b>
• <b><u>Learn</b></u> - Despite having a raging fever, Mahant Swami Maharaj <b>did not care for his body and tolerated great pain for his guru</b>.  Swamishri did not complain or make any excuses and even years later, he remembers the <b>seva fondly.</b> 
• <b><u>Live</b></u> - We should <b>never find excuses</b> to sacrifice to fulfill our guru’s agna. By keeping our guru’s rajipo at the forefront of our seva, we will be able to <b>succeed in following any agna</b> in even the most challenging situations. 
",www.placeholder.com
15. <b>7.5 hours of katha</b> - <i>Love of Katha</i>,"September 24, 2017 | London

Today, because of Swamishri’s wishes, the Akshar Purushottam Darshan Chavni (katha that lasts for a long time) was arranged in the London mandir. Swamishri was very excited about this.
In the morning during Swamishri’s puja, kirtans about Akshar Purushottam were sung. After puja, Swamishri started the first katha for the chavni. After his morning break and a short rest, Swamishri arrived again for sabha at 9:15am and listened to katha for 2 hours. After lunch and his afternoon rest, Swamishri attended the shibir again at 3:55pm and listened to katha till 8pm.
Swamishri listened to katha all day without complaints: 3 hours in the morning and 4 hours in the evening. He did not even get up once to visit the bathroom, change his position or even drink water. He listened very attentively. He was immersed in listening and turning his mala.
After sabha, Swamishri completed singing the chesta. After this, Swamishri freshened up by taking a bath.
Bhadresh Swami said, “Swamishri, you broke a record and listened to over 7 hours of katha today!”
Swamishri happily responded, “Yes! Delivering katha doesn’t fit me well, but I can listen to katha. Where else can I listen to such first class katha?”
Bhadresh Swami then asked, “How much more katha can you listen to?”
Swamishri responded laughingly, “Another 2-2.5 more hours.”
Hearing this the sadhus asked in amazement, “You already sat for 7 and a half hours, on top of that another 2 and a half hours?”
Swamishri laughed and responded, “We were once in a village (Baamaniya, 1982) and it was Nom, and thus we did not have to eat. Without even noticing, we sat continuously from 6:00 am in the morning after puja till midnight 12:00am.” 
The sadhus were awestruck!","૨૪-૦૯-૨૦૧૭,  લંડન
આજે સ્વામીશ્રીના સંકલ્પ પ્રમાણે અક્ષર-પુરુષોત્તમ દર્શન છાવણી (શિબિર)થઈ રહી હતી. તેનો સ્વામીશ્રી સહિત સૌને અપાર ઉત્સાહ હતો.
સવારે પૂજામાં અક્ષર-પુરુષોત્તમનાં કીર્તનો, પછી સ્વામીએ પ્રથમ પ્રવચન કર્યું. અલ્પાહાર અને આરામ કરી ૯:૧૫ એ શિબિરમાં પધાર્યા અને સતત બે કલાક કથા સાંભળી. 
બપોરનું ભોજન અને આરામ પછી ૩:૫૫ વાગે શિબિરમાં પધારી ગયા.  અને સતત ૮:૦૦ વાગ્યા સુધી કથા શ્રવણ કર્યું. 
સ્વામીશ્રી આખો દિવસ સૌથી શ્રેષ્ઠ શ્રોતા થઈને બેઠા. સવારે ત્રણ કલાક અને સાંજે સતત ૪ કલાક. લઘુશંકા કરવા પણ ઊભા ન થયા. પાણી પણ ન પીધું. ઝોકા અને કંટાળાની તો વાત જ ક્યાં? સતત માળાજાપ કરતાં કરતાં એકદમ ધ્યાનપૂર્વક અને રસપૂર્વક શબ્દે શબ્દ સાંભળ્યો. 
સભા પછી નિજકક્ષમાં પધાર્યા. બાથરૂમમાં જઈ ફ્રેશ થઈને આવ્યા.
ભદ્રેશદાસ સ્વામીએ કહ્યું, “સ્વામી, આપે આપનું એવું અંગ કહેલું કે કોઈ કથા કરે તો હું સાત-સાત કલાક સાંભળું.” સ્વામીશ્રી રાજી થઈને “હા' પાડતાં કહે, “મને કથા કરવાનું બહુ ફાવે નહીં, પણ સાંભળવામાં તો.... (અધ્યાહાર હતો કે પાર પાડી દઉં.')
ભદ્રેશદાસ સ્વામીએ જિજ્ઞાસાથી પૂછ્યું, “આપ કેટલું સાંભળી શકો સ્વામી?” સ્વામીશ્રી હસીને કહે, “હજુ બીજા બે-અઢી કલાક.” સંતો આશ્ચર્ય અને અહોભાવથી કહે, “સ્વામી, ટોટલ સાડા સાત કલાક તો આપ બેઠા અને બીજા બે અઢી કલાક?!' સ્વામીશ્રી હસીને કહે, “એક ગામમાં અમે હતા (૧૯૮૨, બામણિયા). નોમ હતી. એટલે જમવાનું તો હતું નહીં. સવારના ૬ થી બેઠા (પૂજા પછી) તો રાતના ૧૨-૦૦ વાગ્યા સુધી સળંગ. ખબર જ ન પડી” સંતોનું આશ્ચર્ય સમાતું નહોતું.","<b>Manan:</b>
• <b><u>Learn</b></u> - Mahant Swami Maharaj loves listening to katha to such an extent that he can listen to it for <b>hours on end!</b> Swamishri did not let any distractions such as hunger stop him from giving his <b>complete attention to the katha varta.</b> Pujya Santo were amazed by this, but as Swamishri said, there is <b>nothing he would rather do</b> than listen to talks about Maharaj, his gurus, and satsang.
• <b><u>Live</b></u> - Mahant Swami Maharaj and our gurus have always told us the importance of katha. We should also begin to cultivate such love for katha varta by listening to it for a <b>few minutes everyday.</b> We can also ask our parents to help us understand it. It will help us learn so many new things about our satsang and how to become perfect balaks and balikas for Bapa! 
",www.placeholder.com
,,,,www.placeholder.com