title	english_content	gujurati_content	transliteration_content	audio_url   value   tier
Shloka 11	The methods of āgnā and upāsanā revealed by Parabrahman Sahajanand Paramatma are clearly expressed in this shastra.	આ શાસ્ત્રમાં પરબ્રહ્મ સહજાનંદ પરમાત્માએ દર્શાવેલ આજ્ઞા તથા ઉપાસનાની પદ્ધતિને સ્પષ્ટ રીતે જણાવી છે.	Ā shāstramā Parabrahma Sahajanand Paramwatmae darshāvel āgnā tathā upāsanāni paddhatine spasht rite janāvi chhe.	https://baps.box.com/shared/static/bvj56b2b2jv68sb7fhxvfc17w9b2mt2l.mp3	1	shastri
Shloka 14-16	All men and women of all castes are forever entitled to satsang, brahmavidyā and moksha. Do not attribute notions of superiority and inferiority based on varna. All persons should shun their ego based on their caste and serve one another. No one is superior and no one is inferior by birth. Therefore, one should not quarrel based on caste or class and should joyfully practice satsang.	સર્વ વર્ણના સર્વ સ્ત્રીઓ તથા સર્વ પુરુષો સદાય સત્સંગ, બ્રહ્મવિદ્યા અને મોક્ષના અધિકારી છે. વર્ણના આધારે ક્યારેય ન્યૂનાધિકભાવ ન કરવો. સર્વ જનોએ પોતાના વર્ણનું માન ત્યજીને પરસ્પર સેવા કરવી. જાતિએ કરીને કોઈ મહાન નથી અને કોઈ ન્યૂન પણ નથી. તેથી નાત-જાતને લઈને ક્લેશ ન કરવો ને સુખે સત્સંગ કરવો.	Sarva varnanā sarva strio tathā sarva purusho sadāy satsang, brahmavidyā ane mokshanā adhikāri chhe. Varnanā ādhāre kyārey nyun-ādhikbhāv na karvo. Sarva janoe potānā varnanu mān tyajine paraspar sevā karvi. Jātie karine koi mahān nathi ane koi nyun pan nathi. Tethi nātjātne laine klesh na karvo ne sukhe satsang karvo.	https://baps.box.com/shared/static/rt7xqz5ghu07kkrcqeg7989e54guhs04.mp3	3	shastri
Shloka 20	For the moksha one’s ātmā, a mumukshu should lovingly take refuge of Sahajanand Shri Hari and the Aksharbrahman Gunatit guru.	મુમુક્ષુ પોતાના આત્માની મુક્તિ માટે સહજાનંદ શ્રીહરિ તથા અક્ષરબ્રહ્મ સ્વરૂપ ગુણાતીત ગુરુનો પ્રીતિએ કરીને આશરો કરે.	Mumukshu potānā ātmāni mukti māte Sahajanand Shri Hari tathā Aksharbrahma-swarup Gunatit guruno pritie karine āshro kare.	https://baps.box.com/shared/static/m0l9w9la7yx9h2ak55rqvdyz1parpuga.mp3	1	shastri
Shloka 21	Upon taking the refuge of satsang, one should always wear a double-stranded wooden kanthi around the neck and accept the niyams of satsang.	સત્સંગનો આશરો કરી સદાય કંઠને વિષે કાષ્ઠની બેવડી માળા ધારણ કરવી તથા સત્સંગના નિયમો ધારણ કરવા.	Satsangno āshro kari sadāy kanthne vishe kāshthni bevdi mālā dhāran karvi tathā satsangnā niyamo dhāran karvā.	https://baps.box.com/shared/static/joxnhnji87oifd3mfszul2dcrka40jpu.mp3	1	shastri
Shloka 27	One should never consume intoxicating substances, such as alcohol, bhang and tobacco. One should also refrain from smoking.	સુરા, ભાંગ તથા તમાકુ ઇત્યાદિ જે જે પદાર્થો માદક હોય તે ક્યારેય ખાવા કે પીવા નહીં તથા ધૂમ્રપાનનો પણ ત્યાગ કરવો.	Surā, bhāng tathā tamāku ityādi je je padārtho mādak hoy te kyārey khāvā ke pivā nahi tathā dhumrapānno pan tyāg karvo.	https://baps.box.com/shared/static/aa4xbmyrpdhfv9kgdllxw80rccfj642h.mp3	1	shastri
Shloka 28	All women and men should never engage in any form of gambling or adultery.	સર્વે સ્ત્રી તથા પુરુષોએ સર્વ પ્રકારના જુગારનો તથા વ્યભિચારનો ત્યાગ કરવો.	Sarve stri tathā purushoe sarva prakārnā jugārno tathā vyabhichārno tyāg karvo.	https://baps.box.com/shared/static/gws7oxmhkr85nour7x23r2q4xngakotf.mp3	1	shastri
Shloka 30	One should consume water, milk and other drinkable items [only] after they have been filtered. Food items and beverages that are forbidden should never be consumed.	પાણી તથા દૂધ ઇત્યાદિ પેય પદાર્થો ગાળેલા ગ્રહણ કરવા. જે ખાદ્ય વસ્તુ તથા પીણાં અશુદ્ધ હોય તે ક્યારેય ગ્રહણ ન કરવાં.	Pāni tathā dudh ityādi peya padārtho gālelā grahan karvā. Je khādya vastu tathā pinā ashuddh hoy te kyārey grahan na karvā.	https://baps.box.com/shared/static/b8v0vdqo7jekm0bgjfyg8irxxm3t4qda.mp3	1	shastri
Shloka 35	Even for a yagna, satsangis should never harm goats or any other innocent animals.	સત્સંગીઓએ યજ્ઞને અર્થે પણ બકરાં વગેરે નિર્દોષ પ્રાણીઓની હિંસા ક્યારેય ન જ કરવી.	Satsangioe yagnane arthe pan bakrā vagere nirdosh prānioni hinsā kyārey na ja karvi.	https://baps.box.com/shared/static/piqj5q7ijr7pvggf2j70h3oxy577nbxo.mp3	1	shastri
Shloka 36	When yagnas are held, they should only be conducted without harming any beings and according to the Sampraday’s principles.	યાગાદિ કરવાના થાય ત્યારે સંપ્રદાયના સિદ્ધાંતને અનુસરીને હિંસારહિત જ કરવા.	Yāgādi karvānā thāy tyāre Sampradaynā siddhāntne anusarine hinsā rahit ja karvā.	https://baps.box.com/shared/static/fietaxv06shkun320we9i8ogk25gxvty.mp3	1	shastri
Shloka 37	Satsangis should never eat meat, even if it is considered to be the remnant of a yagna or sanctified by the deities.	યજ્ઞનો શેષ ગણીને કે પછી દેવતાના નૈવેદ્ય રૂપે પણ સત્સંગીઓએ ક્યારેય માંસ ન જ ખાવું.	Yagnano shesh ganine ke pachhi devtānā naivedya rupe pan satsangioe kyārey māns na ja khāvu.	https://baps.box.com/shared/static/49ly89fwm6f3gyrqy6whs1oij4x2ba2c.mp3	1	shastri
Shloka 39	One should not commit violence to attain wealth, power, prestige or [to fulfil one’s desire] for a man or woman or anything else. Also, one should also not commit violence out of ego, jealousy or anger.	ધન, સત્તા, કીર્તિ, સ્ત્રી, પુરુષ ઇત્યાદિની પ્રાપ્તિને અર્થે તથા માન, ઈર્ષ્યા કે ક્રોધે કરીને પણ હિંસા ન કરવી.	Dhan, sattā, kirti, stri, purush ityādini prāptine arthe tathā mān, irshā ke krodhe karine pan hinsā na karvi.	https://baps.box.com/shared/static/k5syw842qy7ahcbnuthg9ci32l5pgyzn.mp3	1	shastri
Shloka 40	Inflicting mental, verbal or physical violence pains Swaminarayan Bhagwan, who resides within that person.	મને કરીને, વચને કરીને કે કર્મે કરીને હિંસા કરવાથી તેનામાં રહેલા સ્વામિનારાયણ ભગવાન દુઃખાય છે.	Mane karine, vachane karine ke karme karine hinsā karvāthi tenāmā rahelā Swaminarayan Bhagwan dukhāy chhe.	https://baps.box.com/shared/static/fr3ma855kf7or6h6sk7m051pa4eiurew.mp3	1	shastri
Shloka 41	Suicide is also a form of violence. Therefore, never commit suicide by falling from heights, hanging oneself, consuming poison or any other means. 	આત્મહત્યા કરવી તે પણ હિંસા જ છે. આથી પડતું મૂકવું, ગળે ટૂંપો ખાવો, ઝેર ખાવું ઇત્યાદિ કોઈ રીતે આત્મહત્યા ક્યારેય ન કરવી.	Ātmahatyā karvi te pan hinsā ja chhe. Āthi padtu mukvu, gale tupo khāvo, jher khāvu ityādi koi rite ātmahatyā kyārey na karvi.	https://baps.box.com/shared/static/9hdmd5p4kv9s0migq5qaxv6kc0hqcx05.mp3	1	shastri
Shloka 42	No one should kill oneself or others out of grief, shame, fear, anger or due to illness and other adversities, not even for the sake of dharma.	દુઃખ, લજ્જા, ભય, ક્રોધ તથા રોગ ઇત્યાદિ આપત્તિને કારણે, કે પછી ધર્મને અર્થે પણ કોઈએ પોતાની કે અન્યની હત્યા ન કરવી.	Dukh, lajjā, bhay, krodh tathā rog ityādi āpattine kārane, ke pachhi dharmane arthe pan koie potāni ke anyani hatyā na karvi.	https://baps.box.com/shared/static/y7x6v6rc0z92itt2ro1dvrvywb6zjj6r.mp3	1	shastri
Shloka 43	A mumukshu should never commit suicide even at a place of pilgrimage. One should never commit suicide at pilgrimage places even with the hope of attaining moksha or merits.	મુમુક્ષુએ તીર્થને વિષે પણ આત્મહત્યા ન જ કરવી. મોક્ષ કે પુણ્ય પામવાની ભાવનાથી પણ તીર્થને વિષે આપઘાત ન જ કરવો.	Mumukshue tirthne vishe pan ātmahatyā na ja karvi. Moksha ke punya pāmvāni bhāvnāthi pan tirthne vishe āpghāt na ja karvo.	https://baps.box.com/shared/static/ptaakh2nmo6ji3ar52ivxb0pjst5blyd.mp3	1	shastri
Shloka 49	One should never spit, urinate or defaecate in places prohibited by the shastras and society. 	શાસ્ત્રમાં તથા લોકમાં નિષેધ કર્યો હોય તેવાં સ્થાનોને વિષે ક્યારેય થૂંકવું નહીં તથા મળ-મૂત્રાદિ ન કરવું.	Shāstramā tathā lokmā nishedh karyo hoy tevā sthānone vishe kyārey thukvu nahi tathā mal-mutrādi na karvu.	https://baps.box.com/shared/static/wt0ztvt693cc12tpu76s5rk3dg48qb7n.mp3	1	shastri
Shloka 51	Satsangis should always wake up before sunrise. After bathing and other morning routines, they should put on clean clothes. 	સત્સંગીઓએ સદા સૂર્ય ઊગ્યા પૂર્વે જાગવું. ત્યાર બાદ સ્નાનાદિક કરી શુદ્ધ વસ્ત્રો ધારણ કરવાં.	Satsangioe sadā surya ugyā purve jāgvu. Tyār bād snānādik kari shuddh vastro dhāran karvā.	https://baps.box.com/shared/static/6qxdiiz0c6ahin57k9y4e6xq8pw9401e.mp3	1	shastri
Shloka 52	Thereafter, one should sit on a clean āsan and perform personal daily puja facing east or north.	ત્યાર બાદ પૂર્વ દિશામાં અથવા ઉત્તર દિશામાં મુખ રાખી, શુદ્ધ આસન ઉપર બેસી નિત્યપૂજા કરવી.	Tyār bād purva dishāmā athvā uttar dishāmā mukh rākhi, shuddh āsan upar besi nitya-pujā karvi.	https://baps.box.com/shared/static/pqmq1p3ykm9sk321v7wgytcz7j4n3jro.mp3	1	shastri
Shloka 53-54	While chanting the Swaminarayan mantra and remembering the guru, apply a Ushaped tilak made from chandan that has been sanctified by having been offered to Bhagwan and a Kumkum chandlo to the forehead. One should also apply a tilak-chandlo of chandan to the chest and both arms. 	સ્વામિનારાયણ મંત્રનો જાપ કરતાં તથા ગુરુનું સ્મરણ કરતાં કરતાં ભાલને વિષે ભગવાનની પૂજાથી પ્રસાદીભૂત થયેલ ચંદન વડે ઊર્ધ્વપુંડ્ર તિલક કરવું અને કુંકુમ વડે ચાંદલો કરવો તથા છાતી અને બંને ભુજાઓ પર ચંદનથી તિલક-ચાંદલો કરવો.	Swaminarayan mantrano jāp kartā tathā gurunu smaran kartā kartā bhālne vishe Bhagwanni pujāthi prasādi-bhut thayelā chandan vade urdhva-pundra tilak karvu ane kumkum vade chāndlo karvo tathā chhāti ane banne bhujāo par chandanthi tilak-chāndlo karvo.	https://baps.box.com/shared/static/oftmj1vdceo5bpc7dhstofycvuyxr19o.mp3	2	shastri
Shloka 55	While remembering Bhagwan and the guru, women should imprint only a Kumkum chandlo to their foreheads. They should not apply a tilak.	સ્ત્રીઓએ ભગવાન તથા ગુરુનું સ્મરણ કરતાં ભાલને વિષે કેવળ કુંકુમનો ચાંદલો કરવો. તિલક ન કરવું.	Strioe Bhagwan tathā gurunu smaran kartā bhālne vishe keval kumkumno chāndlo karvo. Tilak na karvu. (55)	https://baps.box.com/shared/static/9duhz55nu52ghep36ppzzqwzim333ia4.mp3	1	shastri
Shloka 56-58	Thereafter, to gain the privilege to perform puja, a devotee who has taken the refuge of satsang should meditate on their ātmā while contemplating upon the glory of Bhagwan. The sacred mantra ‘Aksharam-aham Purushottam-dāso’smi’ should be recited with joy and devotion. One should identify one’s ātmā with Aksharbrahman and perform mānsi puja with a calm and focused mind.	ત્યાર બાદ સત્સંગને આશ્રિત ભક્તે પૂજાના અધિકાર માટે ભગવાનના પ્રતાપનું ચિંતવન કરતાં કરતાં આત્મવિચાર કરવો. પ્રસન્ન ચિત્તે અને ભક્તિભાવપૂર્વક ‘અક્ષરમ્ અહં પુરુષોત્તમદાસોસ્મિ’ એ પવિત્ર મંત્રનું ઉચ્ચારણ કરવું. પોતાના આત્માને વિષે અક્ષરબ્રહ્મની વિભાવના કરવી અને શાંત થઈ, એકાગ્ર ચિત્તે માનસી પૂજા કરવી.	Tyār bād satsangne āshrit bhakte pujānā adhikār māte Bhagwannā pratāpnu chintvan kartā kartā ātmavichār karvo. Prasann chitte ane bhaktibhāv-purvak ‘Aksharam aham Purushottam-dāsosmi’ e pavitra mantranu uchchāran karvu. Potānā ātmāne vishe Aksharbrahmani vibhāvnā karvi ane shānt thai, ekāgra chitte mānsi pujā karvi.	https://baps.box.com/shared/static/9s5yey2pxyi4slk473qmu62b9rlbbyz3.mp3	3	shastri
Shloka 60	Thereafter, devoutly place the pictorial murtis on a clean cloth in a way that one can easily do their darshan.	ત્યાર બાદ પવિત્ર વસ્ત્ર ઉપર ચિત્રપ્રતિમાઓનું સારી રીતે દર્શન થાય તેમ ભક્તિભાવપૂર્વક સ્થાપન કરવું.	Tyār bād pavitra vastra upar chitra-pratimāonu sāri rite darshan thāy temā bhaktibhāv-purvak sthāpan karvu.	https://baps.box.com/shared/static/5hkyums8im3hrs1gc03opugzmcjgayf8.mp3	1	shastri
Shloka 61	In the centre, one should arrange the murtis of Akshar and Purushottam, that is, Gunatitanand Swami and the one who transcends him, [Shriji] Maharaj.	તેમાં મધ્યમાં અક્ષર તથા પુરુષોત્તમની મૂર્તિ પધરાવવી એટલે કે ગુણાતીતાનંદ સ્વામી તથા તેમનાથી પર એવા મહારાજને પધરાવવા.	Temā madhyamā Akshar tathā Purushottamni murti padhrāvavi etle ke Gunatitanand Swami tathā temnāthi par evā Maharajne padhrāvavā.	https://baps.box.com/shared/static/m75hbq1gmzl1y9fys5qv65h8ccq5498u.mp3	1	shastri
Shloka 62	One should then place the murtis of each guru up to Pramukh Swami Maharaj and the murtis of the gurus whom one has personally served.	ત્યાર બાદ પ્રમુખસ્વામી મહારાજ પર્યંત પ્રત્યેક ગુરુઓની મૂર્તિઓ પધરાવવી તથા પોતે પ્રત્યક્ષ સેવ્યા હોય તે ગુરુઓની મૂર્તિઓ પધરાવવી.	Tyār bād Pramukh Swami Maharaj paryant pratyek guruoni murtio padhrāvavi tathā pote pratyaksh sevyā hoy te guruoni murtio padhrāvavi.	https://baps.box.com/shared/static/3a8815te7fik2vi85eevkiuh3zog0q9m.mp3	1	shastri
Shloka 63	Thereafter, one should invite [Shriji] Maharaj and the gurus by reciting the Ahvan Mantra. One should bow with folded hands and with dāsbhāv.	ત્યાર બાદ આહ્વાન શ્લોક બોલીને મહારાજ તથા ગુરુઓનું આહ્વાન કરવું. બે હાથ જોડી દાસભાવે નમસ્કાર કરવા.	Tyār bād āhvān shlok boline Maharaj tathā guruonu āhvān karvu. Be hāth jodi dāsbhāve namaskār karvā.	https://baps.box.com/shared/static/nm4kjyshura605l8rnhmz9j8xprdc8b6.mp3	1	shastri
Shloka 66-67	Thereafter, with mahimā and a steady mind, one should perform mālā while chanting the Swaminarayan mantra and having darshan of the murtis. Afterwards, while continuing to do darshan of the murtis, one should stand on one leg with arms raised and perform tapni mālā.	ત્યાર બાદ સ્થિર ચિત્તે તથા મહિમા સાથે મૂર્તિઓનાં દર્શન કરતાં કરતાં સ્વામિનારાયણ મંત્રનો જાપ કરતાં માળા ફેરવવી. ત્યાર બાદ એક પગે ઊભા રહી, હાથ ઊંચા રાખી મૂર્તિઓનાં દર્શન કરતાં તપની માળા ફેરવવી.	Tyār bād sthir chitte tathā mahimā sāthe murtionā darshan kartā kartā Swaminarayan mantrano jāp kartā mālā feravavi. Tyār bād ek page ubhā rahi, hāth unchā rākhi murtionā darshan kartā tapni mālā feravavi.	https://baps.box.com/shared/static/8s2330a2m5hw1kcjc1dj41id3ygetu62.mp3	2	shastri
Shloka 68	One should then perform pradakshinās of the murtis while contemplating upon Akshar-Purushottam Maharaj, who is pervasive and the focus of all.	ત્યાર બાદ સર્વના કેન્દ્ર સમાન અને વ્યાપક એવા અક્ષરપુરુષોત્તમ મહારાજને સંભારતાં પ્રતિમાઓની પ્રદક્ષિણા કરવી.	Tyār bād sarvanā kendra samān ane vyāpak evā Akshar- Purushottam Maharajne sambhārtā pratimāoni pradakshinā karvi.	https://baps.box.com/shared/static/osse0xrib4pps2y8z38v6dd14781ki5u.mp3	1	shastri
Shloka 69	Thereafter, with dāsbhāv, males should perform sāshtāng dandvat pranāms and females should sit and offer panchāng pranāms.	ત્યાર બાદ દાસભાવે પુરુષોએ સાષ્ટાંગ દંડવત્ પ્રણામ કરવા અને સ્ત્રીઓએ બેસીને પંચાંગ પ્રણામ કરવા.	Tyār bād dāsbhāve purushoe sāshtāng dandvat pranām karvā ane strioe besine panchāng pranām karvā.	https://baps.box.com/shared/static/oiiaiyjudgiygcp5k4pq2dszha4i65r1.mp3	1	shastri
Shloka 70	One should perform an additional dandvat pranām every day to seek forgiveness for hurting or harbouring ill-will towards another devotee.	કોઈ ભક્તનો દ્રોહ થયો હોય તેના નિવારણને અર્થે ક્ષમાયાચનાપૂર્વક પ્રતિદિન એક દંડવત્ પ્રણામ અધિક કરવો.	Koi bhaktano droh thayo hoy tenā nivāranne arthe kshamāyāchnā-purvak pratidin ek dandvat pranām adhik karvo.	https://baps.box.com/shared/static/4015mxivrlfp5lj8n0blmbjin021bqmn.mp3	1	shastri
Shloka 71	Then, to fulfil one’s noble wishes, one should pray with divyabhāv and devotion while chanting the Swaminarayan mantra (dhun).	ત્યાર બાદ સ્વામિનારાયણ મંત્રનો જપ કરતાં શુભ સંકલ્પોની પૂર્તિ માટે દિવ્યભાવ અને ભક્તિએ સહિત પ્રાર્થના (ધૂન) કરવી.	Tyār bād Swaminarayan mantrano jap kartā shubh sankalponi purti māte divyabhāv ane bhaktie sahit prārthanā (dhun) karvi.	https://baps.box.com/shared/static/pyi8ilqluvmwy6ho7n5ssaiprg48x0jf.mp3	1	shastri
Shloka 72	After devoutly performing puja in this way, one should re-install Akshar-Purushottam Maharaj within one’s ātmā by reciting the Punaragaman Mantra.	આ રીતે ભક્તિભાવે પૂજા કરીને પુનરાગમન મંત્રથી અક્ષરપુરુષોત્તમ મહારાજને પોતાના આત્માને વિષે પધરાવવા.	Ā rite bhaktibhāve pujā karine punarā gaman mantrathi Akshar- Purushottam Maharajne potānā ātmāne vishe padhrāvavā.	https://baps.box.com/shared/static/s0rmxwb79u6tmdhyz0fsfc2di384riqz.mp3	1	shastri
Shloka 74	To strengthen one’s satsang, one should then daily read shastras that encompass the teachings and instructions of Shri Hari and the gurus.	ત્યાર બાદ સત્સંગની દૃઢતા માટે જેમાં શ્રીહરિ તથા ગુરુના ઉપદેશો અને આદેશો સમાયા હોય તેવા શાસ્ત્રનું રોજ વાંચન કરવું.	Tyār bād satsangni dradhtā māte jemā Shri Hari tathā gurunā updesho ane ādesho samāyā hoy tevā shāstranu roj vānchan karvu.	https://baps.box.com/shared/static/cpghsokwilc3ae94tmcxofu83yi4vp9j.mp3	1	shastri
Shloka 75	Thereafter, one should bow to devotees with reverence and humility. Only after performing puja in this way should one engage in one’s daily activities.	ત્યાર બાદ આદર અને નમ્રભાવે ભક્તોને પ્રણામ કરવા. આ રીતે પૂજા કરીને પછી જ પોતાના વ્યવહારનું કાર્ય કરવું.	Tyār bād ādar ane namrabhāve bhaktone pranām karvā. Ā rite pujā karine pachhi ja potānā vyavahārnu kārya karvu.	https://baps.box.com/shared/static/gfwnosbohcvik1qrws9xb2xbkre6x4ts.mp3	1	shastri
Shloka 77	If one is incapable of doing puja because of old age, illness or other difficulties, one should have one’s puja performed by another.	વૃદ્ધાવસ્થા, રોગાદિ તથા અન્ય આપત્તિને લીધે પોતે પૂજા કરવા અસમર્થ હોય તેણે અન્ય પાસે તે પૂજા કરાવવી.	Vruddhāvasthā, rogādi tathā anya āpattine lidhe pote pujā karvā asamarth hoy tene anya pāse te pujā karāvavi.	https://baps.box.com/shared/static/5q7a4jy421858mz9e6379aa2jsgde1f6.mp3	1	shastri
Shloka 78	Every satsangi in a household should keep their own separate puja. Moreover, one should acquire a puja for a child on the same day that he or she is born.	ઘરમાં પ્રત્યેક સત્સંગીએ પોતાની સ્વતંત્ર પૂજા રાખવી. વળી પુત્ર કે પુત્રીનો જન્મ થાય તે દિવસથી જ સંતાન માટે પૂજા લઈ લેવી.	Gharmā pratyek satsangie potāni svatantra pujā rākhvi. Vali putra ke putrino janma thāy te divasthi ja santān māte puja lai levi.	https://baps.box.com/shared/static/lx2qlizxb6rn4htm7gnqn15tlwgb4r55.mp3	1	shastri
Shloka 79-80	All satsangis should place a beautiful mandir within their homes where they can daily offer devotion, pray and practice satsang. Within the mandir, one should devoutly and ceremonially consecrate the murtis of Akshar-Purushottam and the Gunatit gurus of the tradition.	નિત્ય પ્રત્યે ભક્તિ, પ્રાર્થના તથા સત્સંગ માટે સર્વે સત્સંગીઓએ ઘરમાં સુંદર મંદિર સ્થાપવું. તેમાં ભક્તિભાવે વિધિવત્ અક્ષર-પુરુષોત્તમ તથા પરંપરામાં આવેલ ગુણાતીત ગુરુઓ પધરાવવા.	Nitya pratye bhakti, prārthanā tathā satsang māte sarve satsangioe gharmā sundar mandir sthāpvu. Temā bhaktibhāve vidhivat Akshar-Purushottam tathā param-parāmā āvel Gunatit guruo padhrāvavā.	https://baps.box.com/shared/static/5bsgq3kn44xwtbu2b9kouvrrn1be0621.mp3	2	shastri
Shloka 85	While sitting in front of the ghar mandir, one should, with devout feelings and concentration, sing kirtans, chant and engage in smruti or other acts of devotion according to one’s preferences.	ઘરમંદિરમાં બેસીને ભાવે કરીને સ્થિર ચિત્તે કીર્તન, જપ કે સ્મૃતિ વગેરે પોતાની રુચિ અનુસાર કરવું.	Ghar-mandirmā besine bhāve karine sthir chitte kirtan, jap ke smruti vagere potāni ruchi anusār karvu.	https://baps.box.com/shared/static/ke4d3pesiq9yurze13r7neqled4vwxyr.mp3	1	shastri
Shloka 93	Daily, in the morning, evening or at another convenient time, all satsangis should devoutly go to a nearby mandir for darshan.	સર્વે સત્સંગીઓએ સવારે, સાંજે અથવા પોતાના અનુકૂળ સમયે પ્રતિદિન ભક્તિએ કરીને સમીપે આવેલ મંદિરે દર્શને જવું.	Sarve satsangioe savāre, sānje athvā potānā anukul samaye pratidin bhaktie karine samipe āvel mandire darshane javu.	https://baps.box.com/shared/static/hf0x8n756lwlifizqh9dshhjo28w9x1i.mp3	1	shastri
Shloka 101	One should know [and realize] the divine Akshar-Purushottam siddhānt, which is Vedic, eternal and the form of brahmavidyā.	બ્રહ્મવિદ્યારૂપ, વૈદિક અને સનાતન એવા દિવ્ય અક્ષરપુરુષોત્તમ સિદ્ધાંતને જાણવો.	Brahmavidyā-rup, vaidik ane sanātan evā divya Akshar- Purushottam siddhāntne jānvo.	https://baps.box.com/shared/static/vhgpv38b8q772jgz3woe7qkdjf1x72ju.mp3	1	shastri
Shloka 118	One should not behave immorally even under the pretext of devotion, wisdom or festivals.	ભક્તિનું કે જ્ઞાનનું આલંબન લઈને કે કોઈ પર્વનું આલંબન લઈને પણ મનુષ્યએ અધર્મનું આચરણ ન કરવું.	Bhaktinu ke jnānnu ālamban laine ke koi parvanu ālamban laine pan manushyae adharmanu āchran na karvu.	https://baps.box.com/shared/static/xkpry580pt8kfyfloi9iyunr139r8wqu.mp3	1	shastri
Shloka 119	Even during festivities, one should abstain from bhang, alcohol and other such substances, as well as gambling, swearing and other such activities.	પર્વને વિષે પણ ભાંગ, દારૂ વગેરેનું પાન કરવું, જુગાર વગેરે રમવું, ગાળો બોલવી ઇત્યાદિ ન કરવું.	Parvane vishe pan bhāng, dāru vagerenu pān karvu, jugār vagere ramvu, gālo bolvi ityādi na karvu.	https://baps.box.com/shared/static/4hxrfqylr33c0q87xigrujbuo5tgqo44.mp3	1	shastri
Shloka 121	When faced with criticism, shame, fear or difficulty, one should never abandon satsang, Swaminarayan Bhagwan, devotion towards him, or the guru.	નિંદા, લજ્જા, ભય કે મુશ્કેલીઓને લીધે ક્યારેય સત્સંગ, સ્વામિનારાયણ ભગવાન, તેમની ભક્તિ અને ગુરુનો ત્યાગ ન કરવો.	Nindā, lajjā, bhay ke mushkelione lidhe kyārey satsang, Swaminarayan Bhagwan, temni bhakti ane guruno tyāg na karvo.	https://baps.box.com/shared/static/8tnzl8zwe84tgrgxladdofi2onqrljcm.mp3	1	shastri
Shloka 155	Also, one should remain strong in the belief that Swaminarayan Bhagwan himself, who is the destroyer of all base instincts, is always with me.	અને સર્વ દોષોનું નિવારણ કરનારા સાક્ષાત્ સ્વામિનારાયણ ભગવાન સદૈવ મારી સાથે છે એમ બળ રાખવું.	Ane sarva doshonu nivāran karnārā sākshāt Swaminarayan Bhagwan sadaiv māri sāthe chhe em bal rākhvu.	https://baps.box.com/shared/static/8totbb8uykf2zht4f1uw70byy65rvr4j.mp3	1	shastri
Shloka 169	In happy times do not get carried away and in unhappy times do not become discouraged, since everything occurs by Swaminarayan Bhagwan’s wish.	સુખમાં છકી ન જવું અને દુઃખમાં ઉદ્વેગ ન પામવો. કારણ કે બધું સ્વામિનારાયણ ભગવાનની ઇચ્છાથી પ્રવર્તે છે.	Sukhmā chhaki na javu ane dukhmā udveg na pāmvo. Kāran ke badhu Swaminarayan Bhagwanni ichchhāthi pravarte chhe.	https://baps.box.com/shared/static/jrm21lhen51qqixqkt18l4rag6cux98t.mp3	1	shastri
Shloka 172	Householder satsangis should serve their mother and father. They should bow to their feet every day.	ગૃહસ્થ સત્સંગીએ માતા-પિતાની સેવા કરવી. પ્રતિદિન તેમનાં ચરણોમાં નમસ્કાર કરવા.	Gruhastha satsangie matā-pitāni sevā karvi. Pratidin temnā charanomā namaskār karvā.	https://baps.box.com/shared/static/mcbfcdca4kiu5omfaapc21s7qwygsvsv.mp3	1	shastri
Shloka 190	All devotees should conduct their social dealings with even their relatives in writing and by following other such niyams.	સર્વ આશ્રિત જનોએ પોતાના સંબંધીઓ સાથે પણ વ્યવહાર પ્રસંગે લિખિત કરવું ઇત્યાદિ નિયમો પાળવા.	Sarva āshrit janoe potānā sambandhio sāthe pan vyavahār prasange likhit karvu ityādi niyamo pālvā.	https://baps.box.com/shared/static/44p5feddoeje2zt8wkkmh8bdyrhqrn76.mp3	1	shastri
Shloka 191	Satsangis should never engage in dealings with immoral persons and should be compassionate towards those who are meek and disadvantaged.	સત્સંગીઓએ ક્યારેય દુર્જન સાથે વ્યવહાર ન કરવો અને દીનજનને વિષે દયાવાન થવું.	Satsangioe kyārey durjan sāthe vyavahār na karvo ane dinjanne vishe dayāvān thavu.	https://baps.box.com/shared/static/3pgfn9l3zl6j5p3ytho4ri2s4tktmi30.mp3	1	shastri
Shloka 194	One should always accurately keep accounts of one’s income and expenditure in accordance with government laws.	પ્રશાસનના નિયમોને અનુસરી હંમેશાં પોતાનાં આવક અને ખર્ચની નોંધ વ્યવસ્થિત કરવી.	Prashāsannā niyamone anusari hammeshā potānā āvak ane kharchni nondh vyavasthit karvi.	https://baps.box.com/shared/static/qi9186jlyx8cr68y4e3dz8dpv63yb0y6.mp3	1	shastri
Shloka 196	Householders should save provisions, money and other possessions according to their needs, circumstances and means.	ગૃહસ્થ પોતાના ઉપયોગને અનુસારે તથા સમય-શક્તિ અનુસાર અનાજ, દ્રવ્ય કે ધનાદિનો સંગ્રહ કરે.	Gruhastha potānā upyogne anusāre tathā samay-shakti anusār anāj, dravya ke dhanādino sangrah kare.	https://baps.box.com/shared/static/3nk4iuhh0hz8cbm8ds8e4468n2ra9rwr.mp3	1	shastri
Shloka 197	According to one’s means, one should provide suitable food, fruits, water and other sustenance for one’s domesticated animals and birds.	પાળેલાં પશુ-પક્ષી વગેરેની અન્ન, ફળ, જળ ઇત્યાદિ વડે યથાશક્તિ ઉચિત સંભાવના કરવી.	Pālelā pashu-pakshi vagereni anna, fal, jal ityādi vade yathā- shakti uchit sambhāvnā karvi.	https://baps.box.com/shared/static/q32b87r8kswiuduw7i4lwvew2slsfhyc.mp3	1	shastri
Shloka 198	One should not betray the trust of or deceive others in transactions involving wealth, objects, land or other commodities.	ધન, દ્રવ્ય કે ભૂમિ વગેરેની લેણ-દેણમાં વિશ્વાસઘાત તથા કપટ ન કરવાં.	Dhan, dravya ke bhumi vagereni len-denmā vishvās-ghāt tathā kapat na karvā.	https://baps.box.com/shared/static/rx9aj597nopumkav62pi45sd6le9bdjd.mp3	1	shastri
Shloka 199	One should pay employees the amount of money or other forms of remuneration agreed upon, but should never give less.	કર્મચારીઓને જેટલું ધન આદિ આપવાનું વચન આપ્યું હોય તે વચન પ્રમાણે તે ધન આદિ આપવું પણ ક્યારેય ઓછું ન આપવું.	Karmachārione jetlu dhan ādi āpvānu vachan āpyu hoy te vachan pramāne te dhan ādi āpvu pan kyārey ochhu na āpvu.	https://baps.box.com/shared/static/ds7rqel6nc9kze2xjzbppt7a3k0219ch.mp3	1	shastri
Shloka 201-202	Rulers should follow dharma that is necessary to govern well. They should provide for the people, foster their growth and safeguard sanskārs. They should suitably arrange services for health, education, defence, electricity, food, water and other resources for the benefit of all.	સુશાસન માટે અવશ્યપણે જોઈએ તે ધર્મોને પ્રશાસકે પાળવા. લોકોનું ભરણ-પોષણ કરવું. સંસ્કારોની રક્ષા કરવી. સર્વેનો અભ્યુદય થાય તે માટે સ્વાસ્થ્ય, શિક્ષણ, સંરક્ષણ, વીજળી, અનાજ, જળ વગેરે દ્વારા સારી રીતે વ્યવસ્થા કરવી.	Sushāsan māte avashya-pane joie te dharmone prashāsake pālvā. Lokonu bharan-poshan karvu. Sanskāroni rakshā karvi. Sarveno abhyuday thāy te māte swāsthya, shikshan, sanrakshan, vijli, anāj, jal vagere dvārā sāri rite vyavasthā karvi.	https://baps.box.com/shared/static/j1l6hi8bbxcxq87ol4ouwgd98fae5f0w.mp3	2	shastri
Shloka 208	If unfavourable circumstances arise where one lives, one should leave that place and live happily elsewhere.	પોતે જે સ્થાનમાં રહેતા હોય તે સ્થળે આપત્કાળ આવી પડે ત્યારે તે દેશનો ત્યાગ કરી અન્ય દેશને વિષે સુખે નિવાસ કરવો.	Pote je sthānmā rahetā hoy te sthale āpatkāl āvi pade tyāre te deshno tyāg kari anya deshne vishe sukhe nivās karvo.	https://baps.box.com/shared/static/3ffpjxejx66xwaqyxdp64pvaqria318x.mp3	1	shastri
Shloka 211	From childhood, one should strengthen the virtues of sevā, humility and other virtues. One should never lose courage or be fearful.	બાળપણથી જ સેવા, વિનમ્રતા વગેરે દૃઢ કરવાં. ક્યારેય નિર્બળ ન થવું અને ભય ન પામવો.	Bālpanthi ja sevā, vinamratā vagere dradh karvā. Kyārey nirbal na thavu ane bhay na pāmvo.	https://baps.box.com/shared/static/h8dtrt0ha7lzhn7oogc1snwajgeymomk.mp3	1	shastri
Shloka 214	One should only undertake ventures that are appropriate and lead to good outcomes and development. However, one should not engage in ventures that merely entertain one’s mind or gratify others.	સારા ફળને આપે તેવું, ઉન્નતિ કરે તેવું અને ઉચિત હોય તેવું જ સાહસ કરવું. જે કેવળ પોતાના મનનું અને લોકોનું રંજન કરે તેવું સાહસ ન કરવું.	Sārā falne āpe tevu, unnati kare tevu ane uchit hoy tevu ja sāhas karvu. Je keval potānā mannu ane lokonu ranjan kare tevu sāhas na karvu.	https://baps.box.com/shared/static/q9xcll2vhejnelgv91wr7zqqh9r5v0qu.mp3	1	shastri
Shloka 217	One should renounce the company of those who are lustful, ungrateful, dishonest, hypocritical or deceitful.	જે મનુષ્ય કામાસક્ત, કૃતઘ્ની, લોકોને છેતરનાર, પાખંડી તથા કપટી હોય તેનો સંગ ત્યજવો.	Je manushya kāmāsakta, krutaghni, lokone chhetarnār, pākhandi tathā kapti hoy teno sang tyajvo.	https://baps.box.com/shared/static/tm5q8g8wm2mg450vtyvbiuus63wbnw9t.mp3	1	shastri
Shloka 218-219	One should not associate with those who deny Bhagwan and his incarnations, disapprove of upāsanā to Paramatma or believe Bhagwan, who eternally possesses a form, to be formless. Do not read such texts.	જે મનુષ્ય ભગવાન અને તેમના અવતારોનું ખંડન કરતો હોય, પરમાત્માની ઉપાસનાનું ખંડન કરતો હોય અને સાકાર ભગવાનને નિરાકાર માનતો હોય તેનો સંગ ન કરવો. તેવા ગ્રંથો ન વાંચવા.	Je manushya Bhagwan ane temnā avatāronu khandan karto hoy, Paramatmani upāsanānu khandan karto hoy ane sākār Bhagwanne nirākār mānto hoy teno sang na karvo. Tevā grantho na vānchvā.	https://baps.box.com/shared/static/yxx5e66p90fxfbekl2cosctxajv4wead.mp3	2	shastri
Shloka 220	One should renounce the company of those who decry mandirs and Bhagwan’s murtis or denounce truth, non-violence and other such righteous conduct.	જે મનુષ્ય મંદિર અને ભગવાનની મૂર્તિઓનું ખંડન કરતો હોય, સત્ય-અહિંસા આદિ ધર્મોનું ખંડન કરતો હોય તેના સંગનો ત્યાગ કરવો.	Je manushya mandir ane Bhagwanni murtionu khandan karto hoy, satya-ahinsā ādi dharmonu khandan karto hoy tenā sangno tyāg karvo.	https://baps.box.com/shared/static/6qcn2q9pavbge65tidnz3v18q0ma5qxd.mp3	1	shastri
Shloka 221	One should not associate with those who oppose taking refuge in a guru, Vedic texts or the path of bhakti.	જે મનુષ્ય ગુરુશરણાગતિનો વિરોધ કરતો હોય, વૈદિક શાસ્ત્રોનું ખંડન કરતો હોય, ભક્તિમાર્ગનો વિરોધ કરતો હોય તેનો સંગ ન કરવો.	Je manushya guru-sharanāgatino virodh karto hoy, vaidik shāstronu khandan karto hoy, bhaktimārgno virodh karto hoy teno sang na karvo.	https://baps.box.com/shared/static/xvtb1my9047k9gf6isucjul07mymv99b.mp3	1	shastri
Shloka 222	One should avoid the company of a person who is devoid of devotion, even if such a person is intelligent in worldly activities or learned in the shastras.	કોઈ મનુષ્ય લોકમાં વ્યાવહારિક કાર્યોમાં બુદ્ધિવાળો હોય અથવા શાસ્ત્રોમાં પારંગત પણ હોય, તેમ છતાં પણ જો તે ભક્તિએ રહિત હોય તો તેનો સંગ ન કરવો.	Koi manushya lokmā vyavahārik kāryomā buddhivālo hoy athvā shāstromā pārangat pan hoy, tem chhatā pan jo te bhaktie rahit hoy to teno sang na karvo.	https://baps.box.com/shared/static/nc3yv8118s97kqtvxyco0zq68jevmq9k.mp3	1	shastri
Shloka 226	One should avoid the company of those who perceive drawbacks in devotees, speak only ill of others, are wilful or disobey the guru.	જે મનુષ્ય ભક્તોમાં દોષ જોનાર, અવગુણની જ વાતો કરનાર, મનસ્વી અને ગુરુદ્રોહી હોય તેનો સંગ ન કરવો.	Je manushya bhaktomā dosh jonār, avgunni ja vāto karnār, manasvi ane gurudrohi hoy teno sang na karvo.	https://baps.box.com/shared/static/3nadegl0yzyisnhsdtsuiz0ycsvp7aby.mp3	1	shastri
Shloka 227	One should not associate with those who defame noble works, sacred texts or satsang.	જે મનુષ્ય સત્કાર્ય, સચ્છાસ્ત્ર તથા સત્સંગની નિંદા કરતો હોય તેનો સંગ ન કરવો.	Je manushya satkārya, sach-chhāstra tathā satsangni nindā karto hoy teno sang na karvo.	https://baps.box.com/shared/static/bjzlrx4kiv7e0m8akiiz0pq1uhhmy6se.mp3	1	shastri
Shloka 228	One should shun the company of those whose words weaken one’s conviction in Bhagwan, the guru or satsang.	જેની વાતો સાંભળવાથી ભગવાન, ગુરુ તથા સત્સંગને વિષે નિષ્ઠા ટળતી હોય તેનો સંગ ત્યજવો.	Jeni vāto sāmbhalvāthi Bhagwan, guru tathā satsangne vishe nishthā talti hoy teno sang tyajvo.	https://baps.box.com/shared/static/9gtpb2nu4la0gwmbwpomr2vrv2t13m3j.mp3	1	shastri
Shloka 229	One should respectfully associate with a person who has firm devotion and conviction in Akshar-Purushottam and who is discerning.	જેને અક્ષરપુરુષોત્તમને વિષે દૃઢ નિષ્ઠા હોય, દૃઢ ભક્તિ હોય અને જે વિવેકી હોય તેનો સંગ આદર થકી કરવો.	Jene Akshar-Purushottamne vishe dradh nishthā hoy, dradh bhakti hoy ane je viveki hoy teno sang ādar thaki karvo.	https://baps.box.com/shared/static/d7247ri7c1ky80begawo0ow864en6q0g.mp3	1	shastri
Shloka 230	One should respectfully associate with those who do not doubt the words of Bhagwan or the guru, and are trustworthy and wise. 	ભગવાન તથા ગુરુનાં વાક્યોમાં જેને સંશય ન હોય, જે વિશ્વાસુ હોય, બુદ્ધિમાન હોય તેનો સંગ આદર થકી કરવો.	Bhagwan tathā gurunā vākyomā jene sanshay na hoy, je vishvāsu hoy, buddhimān hoy teno sang ādar thaki karvo.	https://baps.box.com/shared/static/smpeatl9o4xezb477xovxczomgjcu89m.mp3	1	shastri
Shloka 231	One should respectfully associate with those who always eagerly follow commands with enthusiasm and determination, and are humble and cooperative.	આજ્ઞા પાળવામાં જે સદાય ઉત્સાહ સાથે તત્પર હોય, દૃઢ હોય; જે નિર્માની તથા સરળ હોય તેનો સંગ આદર થકી કરવો.	Āgnā pālvāmā je sadāy utsāh sāthe tatpar hoy, dradh hoy; je nirmāni tathā saral hoy teno sang ādar thaki karvo.	https://baps.box.com/shared/static/q7a9whn2hdsp182chj276ls8nfpek3xz.mp3	1	shastri
Shloka 232	One should respectfully associate with those who lovingly see divinity in both the divine and human-like actions of Bhagwan and the guru.	ભગવાન અને ગુરુના દિવ્ય તથા મનુષ્ય ચરિત્રોમાં જે સ્નેહપૂર્વક દિવ્યતાનું દર્શન કરતો હોય તેનો સંગ આદર થકી કરવો.	Bhagwan ane gurunā divya tathā manushya charitromā je sneh-purvak divyatānu darshan karto hoy teno sang ādar thaki karvo.	https://baps.box.com/shared/static/l1m9zqftd04qmoq2xek3semvzyzwlsgp.mp3	1	shastri
Shloka 234	One should respectfully associate with a person whose conduct and thoughts aim solely to please the guru.	જેના આચાર તથા વિચારને વિષે ગુરુહરિને રાજી કરવાનું એકમાત્ર લક્ષ્ય હોય તેનો સંગ આદર થકી કરવો.	Jenā āchār tathā vichārne vishe guruharine rāji karvānu ekmātra lakshya hoy teno sang ādar thaki karvo.	https://baps.box.com/shared/static/otudv4nge7r99zdft10owflj3e1yojv7.mp3	1	shastri
Shloka 235	One should study and teach the Sanskrit or vernacular texts of one’s Sampraday according to one’s abilities and preferences.	પોતાની શક્તિ અને રુચિ પ્રમાણે સંસ્કૃત તથા પ્રાકૃત ભાષામાં પોતાના સંપ્રદાયના ગ્રંથોનું પઠન-પાઠન કરવું.	Potāni shakti ane ruchi pramāne Sanskrit tathā prakrut bhāshāmā potānā Sampradaynā granthonu pathan-pāthan karvu.	https://baps.box.com/shared/static/mb20ehfkt1hskkzldk7zx3d406nw7bjt.mp3	1	shastri
Shloka 246	According to their means, satsangis should celebrate festivals to commemorate the special days related to Shri Hari and the gurus.	સત્સંગી જનોએ શ્રીહરિ તથા ગુરુના વિશિષ્ટ પ્રસંગોને દિવસે યથાશક્તિ પર્વોત્સવો કરવાં.	Satsangi janoe Shri Hari tathā gurunā vishisht prasangone divase yathā-shakti parvotsavo karvā.	https://baps.box.com/shared/static/3kuv4cn39tcyppsxm1lyszg4oxo8x03e.mp3	1	shastri
Shloka 247	During festivals, satsangis should devoutly sing kirtans to the accompaniment of instruments and especially discourse on the glory [of God and guru].	પર્વોત્સવોને વિષે ભક્તિએ કરીને સવાદ્ય કીર્તન કરવું અને વિશેષ કરીને મહિમાની વાતો કરવી.	Parvotsavone vishe bhaktie karine savādya kirtan karvu ane visheshe karine mahimāni vāto karvi.	https://baps.box.com/shared/static/new1ikcxy2buv9xjuxmlws2twh4wd62t.mp3	1	shastri
Shloka 257	While fasting, one should endeavour to give up sleep during daytime. Sleeping during daytime destroys the merits earned by the austerity of fasting.	ઉપવાસને વિષે દિવસની નિદ્રાનો પ્રયત્નપૂર્વક ત્યાગ કરવો. દિવસે લીધેલી નિદ્રાથી ઉપવાસરૂપી તપ નાશ પામે છે.	Upvāsne vishe divasni nidrāno prayatna-purvak tyāg karvo. Divase lidheli nidrāthi upvās-rupi tap nāsh pāme chhe.	https://baps.box.com/shared/static/d6jbor4dt6x4ec72en5e5i7uayc5l1el.mp3	1	shastri
Shloka 264-265	During a solar or lunar eclipse, all satsangis should discontinue all activities and en gage in Bhagwan’s bhajan. During that time, one should not sleep or eat, but sit in one place to sing kirtans dedicated to Bhagwan and undertake other forms of devotion until the eclipse is over.	સર્વે સત્સંગીઓએ સૂર્ય કે ચન્દ્રના ગ્રહણ કાળે સર્વ ક્રિયાઓનો ત્યાગ કરી ભગવાનનું ભજન કરવું. તે સમયે નિદ્રા તથા ભોજનનો ત્યાગ કરીને એક સ્થળે બેસીને ગ્રહણ પૂર્ણ થાય ત્યાં સુધી ભગવત્કીર્તનાદિ કરવું.	Sarve satsangioe surya ke chandranā grahan kāle sarva kriyāono tyāg kari Bhagwannu bhajan karvu. Te samaya nidrā tathā bhojanno tyāg karine ek sthale besine grahan purna thāy tyā sudhi bhagvat-kirtanādi karvu.	https://baps.box.com/shared/static/ao1nm5hklffedw0ckoe40dyovicl49v0.mp3	2	shastri
Shloka 266	When the eclipse is over, all should bathe and soak the clothes they are wearing. Thereafter, renunciants should perform puja and householder devotees should give donations.	ગ્રહણની મુક્તિ થયે સર્વ જનોએ સવસ્ત્ર સ્નાન કરવું. ત્યાગીઓએ ભગવાનની પૂજા કરવી અને ગૃહસ્થોએ દાન કરવું.	Grahanni mukti thaye sarva janoe savastra snān karvu. Tyāgioe Bhagwanni pujā karvi ane gruhasthoe dān karvu.	https://baps.box.com/shared/static/wk84ijmdzpuajg5llreagbvfdru5qx1u.mp3	1	shastri
Shloka 267	One should perform rituals related to birth, death and shrāddh according to the Satsang tradition.	જન્મ-મરણની સૂતક તથા શ્રાદ્ધ વગેરે વિધિઓ સત્સંગની રીતને અનુસરી પાળવી.	Janma-maranni sutak tathā shrāddh vagere vidhio satsangni ritne anusari pālvi.	https://baps.box.com/shared/static/ikgow5jsx1zfx1losild6wknwnlqwc6t.mp3	1	shastri
Shloka 269	One should follow the rules described for emergencies only in times of crisis. Do not give up one’s dharma by considering minor difficulties to be major.	આપત્કાળમાં જ આપદ્ધર્મ આચરવો. અલ્પ આપત્તિને મોટી આપત્તિ માની લઈ ધર્મનો ત્યાગ ન કરવો.	Āpat-kālmā ja āpad-dharma ācharvo. Alp āpattine moti āpatti māni lai dharmano tyāg na karvo.	https://baps.box.com/shared/static/rxwf60s161gvoas0ojqv11k4yug579az.mp3	1	shastri
Shloka 270	When agonizing calamities arise, one should derive strength from Bhagwan and act to protect oneself and others.	કષ્ટ આપે તેવી આપત્તિ આવી પડે ત્યારે ભગવાનનું બળ રાખી જે રીતે પોતાની તથા અન્યની રક્ષા થાય તેમ કરવું.	Kasht āpe tevi āpatti āvi pade tyāre Bhagwannu bal rākhi je rite potāni tathā anyani rakshā thāy tem karvu.	https://baps.box.com/shared/static/9w8mbqn39g2pqazenq0fvainh421oe8g.mp3	1	shastri
Shloka 271	When faced with circumstances that may result in death, one who is wise should act according to the guru’s teachings to protect one’s life and live peacefully.	વિવેકી મનુષ્યે પ્રાણનો નાશ થાય તેવી આપત્તિ આવી પડે ત્યારે ગુરુના આદેશોને અનુસરીને પ્રાણની રક્ષા કરવી અને સુખે રહેવું.	Viveki manushye prānno nāsh thāy tevi āpatti āvi pade tyāre gurunā ādeshone anusarine prānni rakshā karvi ane sukhe rahevu.	https://baps.box.com/shared/static/dssz8hvlhpjskgic28bsvzh7zx969v7x.mp3	1	shastri
Shloka 272-273	As per their prevailing location, time, age and abilities, all satsangis should genuinely act, atone and engage in dealings according to the traditions of the Satsang and the guru’s instructions. 	સર્વે સત્સંગી જનોએ સત્સંગની રીત પ્રમાણે, ગુરુના આદેશ અનુસાર, પરિશુદ્ધ ભાવથી દેશ, કાળ, અવસ્થા તથા પોતાની શક્તિ પ્રમાણે આચાર, વ્યવહાર અને પ્રાયશ્ચિત કરવાં.	Sarve satsangi janoe satsangni rit pramāne, gurunā adesh anusār, pari-shuddh bhāvthi desh, kāl, avasthā tathā potāni shakti pramāne āchār, vyavahār ane prāyashchit karvā.	https://baps.box.com/shared/static/l1jk0ftht3172qsvjf7n77odfm4tin39.mp3	2	shastri
Shloka 276	On auspicious and inauspicious occasions, one should recite the sacred ‘Sahajanand Namavali’ while understanding its glory.	શુભ તથા અશુભ પ્રસંગોને વિષે મહિમાએ સહિત પવિત્ર સહજાનંદ નામાવલીનો પાઠ કરવો.	Shubh tathā ashubh prasangone vishe mahimāe sahit pavitra Sahajanand Namavalino pāth karvo.	https://baps.box.com/shared/static/w3ikqjyrsrpokbwlc7tiblh0jqcvvd9k.mp3	1	shastri
Shloka 278	Satsangis should always renounce inappropriate indulgence in the sense pleasures, addictions and superstitions.	સત્સંગીઓએ અયોગ્ય વિષયો, વ્યસનો તથા વહેમનો સદાય ત્યાગ કરવો.	Satsangioe ayogya vishayo, vyasano tathā vahemno sadāy tyāg karvo.	https://baps.box.com/shared/static/8gvo7j04pti2fbzkaum280bczg929yno.mp3	1	shastri
Shloka 280	In difficult times, one should remain patient, offer prayers, persevere and keep firm faith in Akshar-Purushottam Maharaj.	વિપત્તિ આવે ત્યારે ધીરજ રાખવી, પ્રાર્થના કરવી, પ્રયત્ન કરવો અને અક્ષરપુરુષોત્તમ મહારાજને વિષે દૃઢ વિશ્વાસ રાખવો.	Vipatti āve tyāre dhiraj rākhvi, prārthanā karvi, prayatna karvo ane Akshar-Purushottam Maharajne vishe dradh vishvās rakhvo.	https://baps.box.com/shared/static/5z9kgox04keft5i6flnrwtq7udtmuffa.mp3	1	shastri
Shloka 281	Those who wish to join the sadhu ashram should receive initiation from the Aksharbrahman guru. All sadhus should always observe eight-fold brahmacharya.	ત્યાગાશ્રમ ગ્રહણ કરવાની ઇચ્છા હોય તેમણે અક્ષરબ્રહ્મસ્વરૂપ ગુરુ પાસે દીક્ષા ગ્રહણ કરવી. સર્વે ત્યાગીઓએ સદા અષ્ટપ્રકારે બ્રહ્મચર્ય પાળવું.	Tyāgāshram grahan karvāni ichchhā hoy temne Aksharbrahma-swarup guru pāse dikshā grahan karvi. Sarve tyāgioe sadā ashta-prakāre brahmacharya pālvu.	https://baps.box.com/shared/static/t0webwnzqrwkxcggokzlcyeoowchgxht.mp3	1	shastri
Shloka 282	Renunciants should renounce money and should not keep it as their own. They should not even touch money.	ત્યાગીઓએ ધનનો ત્યાગ કરવો અને પોતાનું કરીને રાખવું નહીં. ધનનો સ્પર્શ પણ ન જ કરવો.	Tyāgioe dhanno tyāg karvo ane potānu karine rākhvu nahi. Dhanno sparsh pan na ja karvo.	https://baps.box.com/shared/static/7r7qczetrcgcqmjxarxe39de2yqpwktp.mp3	1	shastri
Shloka 283-284	To increase their love for Akshar-Purushottam Maharaj, renunciants should always imbibe the virtues of nishkām, nirlobh, nissvād, nissneh, nirmān, and the other ascetic qualities.	ત્યાગીઓએ અક્ષરપુરુષોત્તમ મહારાજને વિષે પ્રીતિ વધારવા સારુ સદા નિષ્કામપણું, નિર્લોભપણું, નિઃસ્વાદપણું, નિઃસ્નેહપણું, નિર્માનપણું તથા ત્યાગીના અન્ય ગુણો ધારણ કરવા.	Tyāgioe Akshar-Purushottam Maharajne vishe priti vadhārvā sāru sadā nishkāmpanu, nirlobh-panu, nisswād-panu, nissneh-panu, nirmān-panu tathā tyāginā anya guno dhāran karvā.	https://baps.box.com/shared/static/fcx86miuv6tkdlytug5cetu7y870sx5v.mp3	2	shastri
Shloka 285	Renunciants should identify their ātmā with Brahman and always offer devotion to Swaminarayan Bhagwan with divyabhāv.	ત્યાગીઓએ પોતાના આત્માની બ્રહ્મ સંગાથે એકતા પ્રાપ્ત કરીને દિવ્યભાવે સદાય સ્વામિનારાયણ ભગવાનને ભજવા.	Tyāgioe potānā ātmāni Brahma sangāthe ektā prāpta karine divyabhāve sadāy Swaminarayan Bhagwanne bhajvā.	https://baps.box.com/shared/static/hd9ea6rtgles3337s2rpbi0du3nb4hru.mp3	1	shastri
Shloka 286	Renunciation is not merely self-denial; it is also endowed with devotion. Such renunciation is for attaining Akshar-Purushottam Maharaj.	ત્યાગ એ કેવળ ત્યાગ જ નથી પરંતુ આ ત્યાગ તો ભક્તિમય છે. આ ત્યાગ અક્ષરપુરુષોત્તમ મહારાજને પામવા માટે છે.	Tyāg e keval tyāg ja nathi parantu ā tyāg to bhaktimay chhe. Ā tyāg Akshar-Purushottam Maharajne pāmvā māte chhe.	https://baps.box.com/shared/static/cnd8qoaafhdxgk4rv6vmiwtidfrxl9w8.mp3	1	shastri
Shloka 292	Here, in this way, āgnā and upāsanā have been concisely described. One should obtain further details from the Sampraday’s shastras.	આ રીતે સંક્ષેપે કરીને અહીં આજ્ઞા તથા ઉપાસનાનું વર્ણન કર્યું. તેનો વિસ્તાર સંપ્રદાયના શાસ્ત્રો થકી જાણવો.	Ā rite sankshepe karine ahi āgnā tathā upāsanānu varnan karyu. Teno vistār Sampradaynā shāstro thaki jānvo.	https://baps.box.com/shared/static/5mkloa3w0qil74bvw6ju59cffw5jmf8u.mp3	1	shastri
Shloka 299	May the divine, compassionate blessings of Paramatma Parabrahman Swaminarayan Bhagwan always shower everywhere.	સર્વત્ર પરમાત્મા પરબ્રહ્મ સ્વામિનારાયણ ભગવાનના દિવ્ય કૃપાશિષ સદા વરસે.	Sarvatra Paramatma Parabrahma Swaminarayan Bhagwannā divya krupāshish sadā varse.	https://baps.box.com/shared/static/qkltjaessbv64npwgfz8slu64vp9i707.mp3	1	shastri
Shloka 300	May all grief, the three types of miseries, calamities, distresses, ignorance, doubts and fears of all be destroyed.	સર્વેનાં સર્વ દુઃખો, ત્રણ તાપ, ઉપદ્રવો, ક્લેશો, અજ્ઞાન, સંશયો તથા ભય વિનાશ પામે.	Sarvenā sarva dukho, tran tāp, upadravo, klesho, agnān, sanshayo tathā bhay vināsh pāme.	https://baps.box.com/shared/static/01uu7qswx57rksklyvf3dnrv56qwhd50.mp3	1	shastri
Shloka 301	Through Bhagwan’s grace, may all attain good health, happiness, utmost peace and ultimate moksha.	ભગવાનની કૃપાથી સર્વે નિરામય સ્વાસ્થ્ય, સુખ, પરમ શાંતિ તથા પરમ કલ્યાણ પામો.	Bhagwanni krupāthi sarve nirāmay svāsthya, sukh, param shānti tathā param kalyān pamo.	https://baps.box.com/shared/static/6uco0ppa3n36dvpcg6s71pvstajnz7j0.mp3	1	shastri
Shloka 302	May no one harm or hate others. May everyone always respect each other.	કોઈ મનુષ્ય કોઈનો દ્રોહ તથા દ્વેષ ન કરે. સર્વે સદાય પરસ્પર આદર સેવે.	Koi manushya koino droh tathā dvesh na kare. Sarve sadāy paraspar ādar seve.	https://baps.box.com/shared/static/z1clof349ougguscdk6ww8o7rjz54z2p.mp3	1	shastri
Shloka 303	May everyone develop firm love, conviction and unwavering belief in Akshar-Purushottam, and may everyone’s faith forever flourish.	અક્ષરપુરુષોત્તમને વિષે સર્વને દૃઢ પ્રીતિ, નિષ્ઠા, નિશ્ચય થાય અને વિશ્વાસ સદાય વૃદ્ધિ પામે.	Akshar-Purushottamne vishe sarvane dradh priti, nishthā, nishchay thāy ane vishvās sadāy vruddhi pāme.	https://baps.box.com/shared/static/nu0x35spn49zpk8m9al9nn8e4jcbphkm.mp3	1	shastri
Shloka 304	May all devotees become resolute in following dharma and attain the pleasure of Sahajanand Paramatma.	સર્વે ભક્તો ધર્મ પાળવામાં બળિયા થાય અને સહજાનંદ પરમાત્માની પ્રસન્નતા પ્રાપ્ત કરે.	Sarve bhakto dharma pālvāmā baliyā thāy ane Sahajanand Paramatmani prasannatā prāpta kare.	https://baps.box.com/shared/static/7f8kltkrffk4bv5ygc9vn5k2s3p1mcvt.mp3	1	shastri
Shloka 305	May the world be filled with people who are peaceful, righteous and engrossed in spiritual endeavours, and who tread the path of spirituality.	સંસાર પ્રશાંત, ધર્મવાન, સાધનાશીલ તથા અધ્યાત્મમાર્ગે ચાલનારા મનુષ્યોથી યુક્ત થાય.	Sansār prashānt, dharmavān, sādhanāshil tathā adhyātma- mārge chālnārā manushyothi yukta thāy.	https://baps.box.com/shared/static/y4bys3w65gchukm1dlffh3b7h7dwf7cf.mp3	1	shastri
Shloka 306	May mutual unity, suhradbhāv, friendship, compassion, tolerance and love flourish among all people.	સર્વ મનુષ્યોમાં પરસ્પર એકતા, સુહૃદ્‌ભાવ, મૈત્રી, કરુણા, સહનશીલતા તથા સ્નેહ વૃદ્ધિ પામે.	Sarva manushyomā paraspar ektā, suhradbhāv, maitri, karunā, sahanshiltā tathā sneh vruddhi pāme.	https://baps.box.com/shared/static/pscm88ybeitj2rill4rjfomgebr74t6j.mp3	1	shastri
Shloka 307	Through the divine association of Brahman and Parabrahman, may all strengthen nirdoshbhāv and divyabhāv towards the Satsang.	બ્રહ્મ તથા પરબ્રહ્મના દિવ્ય સંબંધે કરીને સત્સંગને વિષે સર્વને નિર્દોષભાવ તથા દિવ્યભાવની દૃઢતા થાય.	Brahma tathā Parabrahmanā divya sambandhe karine satsangne vishe sarvane nirdoshbhāv tathā divyabhāvni dradhtā thāy.	https://baps.box.com/shared/static/zzr6243aa4qskqwzu7nnnatsedzzmmtm.mp3	1	shastri
Shloka 308	May all identify their ātmā as aksharrup and offer devotion to Purushottam Sahajanand.	સર્વ જનો પોતાના આત્માને વિષે અક્ષરરૂપતા પ્રાપ્ત કરી પુરુષોત્તમ સહજાનંદની ભક્તિ પ્રાપ્ત કરે.	Sarva jano potānā ātmāne vishe Aksharruptā prāpta kari Purushottam Sahajanandni bhakti prāpta kare.	https://baps.box.com/shared/static/nns4y071swwmqbd1h865o44ya4gyeu6d.mp3	1	shastri
Shloka 311-314	On the occasion of Pramukh Swami Maharaj’s birth centenary celebrations, this shastra is being offered with joy and devotion as a tribute to: (1) Parabrahman Sahajanand Shri Hari – the focus of upāsanā, (2) Mul Akshar Gunatitanand Swami, (3) Bhagatji Maharaj – the embodiment of wisdom, (4) Yagnapurushdasji (Shastriji Maharaj) – the protector of the true siddhānt, (5) the forever affectionate and blissful embodiment of Aksharbrahman, Yogiji Maharaj and (6) Guru Pramukh Swami Maharaj, who is humble and revered throughout the world. 	ઉપાસ્ય પરબ્રહ્મ સહજાનંદ શ્રીહરિ તથા મૂળ અક્ષર ગુણાતીતાનંદ સ્વામી, સાક્ષાદ્ જ્ઞાનમૂર્તિ સમા ભગતજી મહારાજ, સત્ય સિદ્ધાંતના રક્ષક એવા યજ્ઞપુરુષદાસજી (શાસ્ત્રીજી મહારાજ), સદાય વાત્સલ્યભીના અને આનંદમય બ્રહ્મ એવા યોગીજી મહારાજ તથા વિશ્વવંદ્ય અને વિનમ્ર એવા ગુરુ પ્રમુખસ્વામી મહારાજને આ શાસ્ત્રરૂપી અંજલિ પ્રમુખસ્વામી મહારાજના જન્મ શતાબ્દી પર્વે સાનંદ ભક્તિભાવે અર્પણ કરવામાં આવે છે.	Upāsya Parabrahma Sahajanand Shri Hari tathā Mul Akshar Gunatitanand Swami, sākshād jnān-murti samā Bhagatji Maharaj, satya siddhāntnā rakshak evā Yagnapurushdasji (Shastriji Maharaj), sadāy vātsalya bhinā ane ānandmay brahma evā Yogiji Maharaj tathā vishvavandya ane vinamra evā guru Pramukh Swami Maharajne ā shāstra-rupi anjali Pramukh Swami Maharajna janma shatabdi parve sānand bhaktibhāve arpan karvāmā āve chhe.	https://baps.box.com/shared/static/x9yhq9wuxfs587z4x387ky9m4hj7iq0p.mp3	4	shastri
Shloka 315	May Swaminarayan Bhagwan, that is, Akshar-Purushottam Maharaj himself, spread supreme bliss and auspiciousness throughout the entire world.	સ્વામિનારાયણ ભગવાન એટલે કે સાક્ષાત્ અક્ષરપુરુષોત્તમ મહારાજ સકળ વિશ્વમાં પરમ આનંદ-મંગળને વિસ્તારે.	Swaminarayan Bhagwan etle ke sākshāt Akshar-Purushottam Maharaj sakal vishvamā param ānand-mangalne vistāre.	https://baps.box.com/shared/static/i798ktdn57cyg83qt080kcxxopt7bxxx.mp3	1	shastri